"subplotID","flowerID","garden","species","rater","compound","tot.vase.days"
2,1,1,1,7,1,14
2,2,1,1,7,1,NA
2,3,1,1,3,1,13
2,4,1,1,6,1,16
2,5,1,1,3,1,18
3,6,1,1,4,1,10
3,7,1,1,6,1,10
3,8,1,1,5,1,12
3,9,1,1,6,1,12
3,10,1,1,6,1,9
7,11,1,1,4,1,13
7,12,1,1,7,1,15
7,13,1,1,6,1,20
7,14,1,1,2,1,6
7,15,1,1,5,1,15
11,16,1,1,6,1,13
11,17,1,1,7,1,19
11,18,1,1,5,1,NA
11,19,1,1,6,1,8
11,20,1,1,7,1,11
14,21,1,1,8,1,16
14,22,1,1,4,1,NA
14,23,1,1,8,1,9
14,24,1,1,1,1,5
14,25,1,1,1,1,10
28,26,1,1,1,1,10
28,27,1,1,5,1,13
28,28,1,1,6,1,8
28,29,1,1,3,1,12
28,30,1,1,7,1,13
33,31,1,1,1,1,NA
33,32,1,1,3,1,12
33,33,1,1,1,1,NA
33,34,1,1,6,1,9
33,35,1,1,1,1,10
34,36,1,1,8,1,10
34,37,1,1,2,1,6
34,38,1,1,1,1,11
34,39,1,1,7,1,14
34,40,1,1,5,1,18
42,41,1,1,3,1,9
42,42,1,1,3,1,14
42,43,1,1,8,1,15
42,44,1,1,3,1,18
42,45,1,1,2,1,6
46,46,1,1,7,1,13
46,47,1,1,8,1,11
46,48,1,1,8,1,13
46,49,1,1,2,1,4
46,50,1,1,4,1,7
2,51,1,1,8,2,12
2,52,1,1,2,2,4
2,53,1,1,8,2,17
2,54,1,1,7,2,19
2,55,1,1,3,2,19
3,56,1,1,5,2,10
3,57,1,1,2,2,3
3,58,1,1,3,2,9
3,59,1,1,2,2,NA
3,60,1,1,3,2,8
7,61,1,1,3,2,16
7,62,1,1,5,2,22
7,63,1,1,4,2,16
7,64,1,1,6,2,14
7,65,1,1,5,2,12
11,66,1,1,7,2,17
11,67,1,1,6,2,21
11,68,1,1,5,2,22
11,69,1,1,7,2,21
11,70,1,1,2,2,8
14,71,1,1,7,2,14
14,72,1,1,1,2,9
14,73,1,1,4,2,16
14,74,1,1,2,2,4
14,75,1,1,3,2,12
28,76,1,1,7,2,11
28,77,1,1,3,2,10
28,78,1,1,4,2,13
28,79,1,1,5,2,18
28,80,1,1,6,2,14
33,81,1,1,5,2,19
33,82,1,1,1,2,21
33,83,1,1,7,2,8
33,84,1,1,2,2,5
33,85,1,1,2,2,7
34,86,1,1,2,2,9
34,87,1,1,1,2,11
34,88,1,1,5,2,23
34,89,1,1,6,2,17
34,90,1,1,8,2,21
42,91,1,1,7,2,18
42,92,1,1,3,2,11
42,93,1,1,5,2,21
42,94,1,1,3,2,10
42,95,1,1,4,2,22
46,96,1,1,8,2,14
46,97,1,1,3,2,9
46,98,1,1,1,2,14
46,99,1,1,8,2,13
46,100,1,1,4,2,8
2,101,1,1,5,3,27
2,102,1,1,2,3,6
2,103,1,1,6,3,7
2,104,1,1,2,3,5
2,105,1,1,5,3,15
3,106,1,1,7,3,16
3,107,1,1,1,3,14
3,108,1,1,6,3,13
3,109,1,1,6,3,11
3,110,1,1,7,3,13
7,111,1,1,4,3,15
7,112,1,1,2,3,4
7,113,1,1,7,3,16
7,114,1,1,6,3,17
7,115,1,1,3,3,16
11,116,1,1,7,3,NA
11,117,1,1,4,3,7
11,118,1,1,2,3,6
11,119,1,1,4,3,13
11,120,1,1,7,3,11
14,121,1,1,6,3,13
14,122,1,1,2,3,8
14,123,1,1,5,3,14
14,124,1,1,7,3,14
14,125,1,1,8,3,15
28,126,1,1,3,3,10
28,127,1,1,1,3,7
28,128,1,1,1,3,9
28,129,1,1,4,3,6
28,130,1,1,4,3,6
33,131,1,1,5,3,14
33,132,1,1,5,3,14
33,133,1,1,6,3,16
33,134,1,1,1,3,12
33,135,1,1,7,3,18
34,136,1,1,1,3,21
34,137,1,1,1,3,14
34,138,1,1,4,3,14
34,139,1,1,6,3,12
34,140,1,1,2,3,NA
42,141,1,1,4,3,16
42,142,1,1,8,3,17
42,143,1,1,5,3,19
42,144,1,1,5,3,19
42,145,1,1,3,3,NA
46,146,1,1,8,3,11
46,147,1,1,2,3,3
46,148,1,1,5,3,14
46,149,1,1,2,3,3
46,150,1,1,4,3,NA
2,151,1,1,4,4,15
2,152,1,1,8,4,9
2,153,1,1,7,4,8
2,154,1,1,4,4,14
2,155,1,1,3,4,8
3,156,1,1,7,4,16
3,157,1,1,6,4,12
3,158,1,1,6,4,9
3,159,1,1,4,4,9
3,160,1,1,4,4,6
7,161,1,1,1,4,9
7,162,1,1,7,4,NA
7,163,1,1,1,4,NA
7,164,1,1,7,4,7
7,165,1,1,3,4,8
11,166,1,1,1,4,9
11,167,1,1,8,4,9
11,168,1,1,4,4,7
11,169,1,1,7,4,NA
11,170,1,1,8,4,NA
14,171,1,1,6,4,7
14,172,1,1,6,4,8
14,173,1,1,2,4,3
14,174,1,1,4,4,7
14,175,1,1,5,4,15
28,176,1,1,3,4,3
28,177,1,1,8,4,10
28,178,1,1,2,4,1
28,179,1,1,5,4,12
28,180,1,1,2,4,1
33,181,1,1,5,4,13
33,182,1,1,4,4,9
33,183,1,1,5,4,14
33,184,1,1,6,4,7
33,185,1,1,5,4,17
34,186,1,1,2,4,4
34,187,1,1,1,4,11
34,188,1,1,3,4,9
34,189,1,1,8,4,10
34,190,1,1,2,4,1
42,191,1,1,5,4,15
42,192,1,1,2,4,10
42,193,1,1,4,4,10
42,194,1,1,3,4,13
42,195,1,1,6,4,8
46,196,1,1,2,4,1
46,197,1,1,1,4,6
46,198,1,1,1,4,4
46,199,1,1,1,4,8
46,200,1,1,2,4,8
2,201,1,1,1,5,8
2,202,1,1,1,5,11
2,203,1,1,7,5,8
2,204,1,1,6,5,14
2,205,1,1,7,5,13
3,206,1,1,8,5,8
3,207,1,1,2,5,6
3,208,1,1,6,5,11
3,209,1,1,4,5,12
3,210,1,1,8,5,7
7,211,1,1,8,5,7
7,212,1,1,6,5,10
7,213,1,1,4,5,20
7,214,1,1,5,5,17
7,215,1,1,5,5,10
11,216,1,1,4,5,13
11,217,1,1,3,5,16
11,218,1,1,1,5,19
11,219,1,1,2,5,4
11,220,1,1,8,5,21
14,221,1,1,5,5,16
14,222,1,1,8,5,11
14,223,1,1,3,5,10
14,224,1,1,6,5,16
14,225,1,1,1,5,15
28,226,1,1,6,5,6
28,227,1,1,4,5,9
28,228,1,1,6,5,8
28,229,1,1,8,5,12
28,230,1,1,6,5,13
33,231,1,1,2,5,9
33,232,1,1,4,5,12
33,233,1,1,7,5,NA
33,234,1,1,8,5,17
33,235,1,1,7,5,15
34,236,1,1,4,5,17
34,237,1,1,7,5,12
34,238,1,1,1,5,14
34,239,1,1,3,5,13
34,240,1,1,2,5,6
42,241,1,1,7,5,16
42,242,1,1,6,5,16
42,243,1,1,1,5,15
42,244,1,1,4,5,11
42,245,1,1,5,5,NA
46,246,1,1,4,5,5
46,247,1,1,3,5,2
46,248,1,1,7,5,10
46,249,1,1,6,5,8
46,250,1,1,2,5,4
2,251,1,1,7,6,25
2,252,1,1,3,6,20
2,253,1,1,8,6,13
2,254,1,1,1,6,14
2,255,1,1,4,6,22
3,256,1,1,8,6,NA
3,257,1,1,8,6,13
3,258,1,1,2,6,6
3,259,1,1,6,6,17
3,260,1,1,1,6,9
7,261,1,1,1,6,15
7,262,1,1,4,6,12
7,263,1,1,1,6,13
7,264,1,1,6,6,12
7,265,1,1,6,6,13
11,266,1,1,7,6,21
11,267,1,1,8,6,NA
11,268,1,1,1,6,18
11,269,1,1,6,6,13
11,270,1,1,2,6,11
14,271,1,1,1,6,9
14,272,1,1,6,6,11
14,273,1,1,5,6,17
14,274,1,1,7,6,20
14,275,1,1,2,6,12
28,276,1,1,2,6,NA
28,277,1,1,3,6,6
28,278,1,1,5,6,20
28,279,1,1,5,6,13
28,280,1,1,6,6,10
33,281,1,1,5,6,18
33,282,1,1,2,6,8
33,283,1,1,2,6,6
33,284,1,1,2,6,11
33,285,1,1,6,6,12
34,286,1,1,8,6,13
34,287,1,1,6,6,10
34,288,1,1,7,6,21
34,289,1,1,1,6,15
34,290,1,1,3,6,14
42,291,1,1,2,6,10
42,292,1,1,4,6,10
42,293,1,1,7,6,24
42,294,1,1,4,6,16
42,295,1,1,4,6,NA
46,296,1,1,1,6,16
46,297,1,1,2,6,7
46,298,1,1,6,6,13
46,299,1,1,6,6,21
46,300,1,1,1,6,13
2,301,1,1,2,7,11
2,302,1,1,6,7,NA
2,303,1,1,7,7,16
2,304,1,1,6,7,16
2,305,1,1,8,7,15
3,306,1,1,1,7,1
3,307,1,1,2,7,1
3,308,1,1,1,7,12
3,309,1,1,1,7,9
3,310,1,1,6,7,11
7,311,1,1,1,7,15
7,312,1,1,7,7,11
7,313,1,1,6,7,8
7,314,1,1,7,7,10
7,315,1,1,8,7,11
11,316,1,1,5,7,19
11,317,1,1,4,7,11
11,318,1,1,3,7,13
11,319,1,1,3,7,9
11,320,1,1,2,7,5
14,321,1,1,5,7,11
14,322,1,1,1,7,10
14,323,1,1,8,7,13
14,324,1,1,6,7,8
14,325,1,1,2,7,2
28,326,1,1,3,7,3
28,327,1,1,2,7,1
28,328,1,1,5,7,12
28,329,1,1,5,7,15
28,330,1,1,5,7,15
33,331,1,1,1,7,11
33,332,1,1,4,7,16
33,333,1,1,5,7,14
33,334,1,1,3,7,7
33,335,1,1,7,7,18
34,336,1,1,1,7,5
34,337,1,1,4,7,11
34,338,1,1,6,7,17
34,339,1,1,7,7,20
34,340,1,1,4,7,16
42,341,1,1,2,7,4
42,342,1,1,3,7,14
42,343,1,1,5,7,18
42,344,1,1,6,7,14
42,345,1,1,5,7,12
46,346,1,1,4,7,7
46,347,1,1,3,7,9
46,348,1,1,8,7,8
46,349,1,1,3,7,6
46,350,1,1,4,7,16
2,351,1,1,5,8,13
2,352,1,1,7,8,13
2,353,1,1,7,8,20
2,354,1,1,4,8,12
2,355,1,1,6,8,12
3,356,1,1,2,8,1
3,357,1,1,5,8,15
3,358,1,1,5,8,NA
3,359,1,1,3,8,6
3,360,1,1,2,8,1
7,361,1,1,3,8,6
7,362,1,1,2,8,2
7,363,1,1,4,8,8
7,364,1,1,7,8,14
7,365,1,1,8,8,11
11,366,1,1,5,8,NA
11,367,1,1,4,8,11
11,368,1,1,1,8,9
11,369,1,1,7,8,11
11,370,1,1,1,8,10
14,371,1,1,3,8,9
14,372,1,1,8,8,16
14,373,1,1,6,8,12
14,374,1,1,4,8,6
14,375,1,1,2,8,5
28,376,1,1,3,8,8
28,377,1,1,2,8,1
28,378,1,1,1,8,4
28,379,1,1,7,8,11
28,380,1,1,1,8,NA
33,381,1,1,5,8,18
33,382,1,1,5,8,13
33,383,1,1,3,8,6
33,384,1,1,5,8,21
33,385,1,1,3,8,8
34,386,1,1,5,8,17
34,387,1,1,3,8,6
34,388,1,1,3,8,8
34,389,1,1,5,8,16
34,390,1,1,3,8,13
42,391,1,1,5,8,26
42,392,1,1,1,8,12
42,393,1,1,7,8,19
42,394,1,1,1,8,16
42,395,1,1,6,8,15
46,396,1,1,6,8,6
46,397,1,1,7,8,9
46,398,1,1,5,8,15
46,399,1,1,5,8,7
46,400,1,1,1,8,9
2,401,1,1,3,9,7
2,402,1,1,7,9,18
2,403,1,1,4,9,13
2,404,1,1,3,9,15
2,405,1,1,2,9,4
3,406,1,1,5,9,9
3,407,1,1,8,9,10
3,408,1,1,6,9,8
3,409,1,1,7,9,11
3,410,1,1,1,9,4
7,411,1,1,8,9,10
7,412,1,1,6,9,10
7,413,1,1,8,9,7
7,414,1,1,2,9,4
7,415,1,1,7,9,15
11,416,1,1,3,9,14
11,417,1,1,7,9,16
11,418,1,1,7,9,14
11,419,1,1,1,9,11
11,420,1,1,1,9,10
14,421,1,1,3,9,8
14,422,1,1,3,9,12
14,423,1,1,1,9,13
14,424,1,1,4,9,16
14,425,1,1,5,9,16
28,426,1,1,7,9,17
28,427,1,1,5,9,13
28,428,1,1,4,9,4
28,429,1,1,6,9,NA
28,430,1,1,4,9,11
33,431,1,1,5,9,15
33,432,1,1,5,9,17
33,433,1,1,4,9,16
33,434,1,1,3,9,5
33,435,1,1,4,9,8
34,436,1,1,6,9,13
34,437,1,1,6,9,14
34,438,1,1,4,9,12
34,439,1,1,1,9,12
34,440,1,1,7,9,17
42,441,1,1,7,9,19
42,442,1,1,4,9,13
42,443,1,1,6,9,15
42,444,1,1,1,9,13
42,445,1,1,3,9,19
46,446,1,1,6,9,17
46,447,1,1,3,9,11
46,448,1,1,6,9,10
46,449,1,1,3,9,12
46,450,1,1,1,9,6
2,451,1,1,5,10,13
2,452,1,1,6,10,9
2,453,1,1,4,10,11
2,454,1,1,4,10,15
2,455,1,1,3,10,10
3,456,1,1,4,10,5
3,457,1,1,4,10,3
3,458,1,1,6,10,10
3,459,1,1,2,10,2
3,460,1,1,5,10,17
7,461,1,1,2,10,5
7,462,1,1,3,10,5
7,463,1,1,8,10,9
7,464,1,1,1,10,7
7,465,1,1,3,10,13
11,466,1,1,1,10,11
11,467,1,1,3,10,8
11,468,1,1,8,10,15
11,469,1,1,7,10,13
11,470,1,1,8,10,10
14,471,1,1,4,10,16
14,472,1,1,1,10,10
14,473,1,1,6,10,8
14,474,1,1,6,10,8
14,475,1,1,7,10,13
28,476,1,1,1,10,9
28,477,1,1,4,10,5
28,478,1,1,5,10,12
28,479,1,1,2,10,1
28,480,1,1,5,10,18
33,481,1,1,3,10,8
33,482,1,1,3,10,5
33,483,1,1,2,10,1
33,484,1,1,8,10,11
33,485,1,1,1,10,12
34,486,1,1,8,10,13
34,487,1,1,7,10,NA
34,488,1,1,2,10,5
34,489,1,1,3,10,9
34,490,1,1,8,10,19
42,491,1,1,8,10,12
42,492,1,1,1,10,16
42,493,1,1,5,10,21
42,494,1,1,7,10,15
42,495,1,1,8,10,8
46,496,1,1,6,10,9
46,497,1,1,7,10,8
46,498,1,1,6,10,9
46,499,1,1,1,10,10
46,500,1,1,3,10,3
2,501,1,1,1,11,9
2,502,1,1,3,11,12
2,503,1,1,7,11,21
2,504,1,1,7,11,20
2,505,1,1,6,11,21
3,506,1,1,2,11,5
3,507,1,1,2,11,1
3,508,1,1,5,11,19
3,509,1,1,5,11,12
3,510,1,1,7,11,14
7,511,1,1,1,11,16
7,512,1,1,1,11,8
7,513,1,1,3,11,NA
7,514,1,1,6,11,15
7,515,1,1,2,11,2
11,516,1,1,6,11,13
11,517,1,1,1,11,10
11,518,1,1,6,11,20
11,519,1,1,3,11,15
11,520,1,1,7,11,16
14,521,1,1,4,11,9
14,522,1,1,3,11,15
14,523,1,1,6,11,12
14,524,1,1,4,11,14
14,525,1,1,3,11,NA
28,526,1,1,1,11,NA
28,527,1,1,2,11,3
28,528,1,1,3,11,9
28,529,1,1,6,11,16
28,530,1,1,4,11,14
33,531,1,1,1,11,11
33,532,1,1,3,11,11
33,533,1,1,1,11,10
33,534,1,1,8,11,5
33,535,1,1,7,11,17
34,536,1,1,3,11,11
34,537,1,1,6,11,NA
34,538,1,1,2,11,13
34,539,1,1,5,11,14
34,540,1,1,8,11,11
42,541,1,1,8,11,14
42,542,1,1,6,11,19
42,543,1,1,1,11,15
42,544,1,1,5,11,13
42,545,1,1,1,11,16
46,546,1,1,7,11,17
46,547,1,1,3,11,12
46,548,1,1,6,11,15
46,549,1,1,4,11,15
46,550,1,1,3,11,12
2,551,1,1,5,12,16
2,552,1,1,8,12,NA
2,553,1,1,5,12,18
2,554,1,1,2,12,4
2,555,1,1,2,12,5
3,556,1,1,7,12,10
3,557,1,1,2,12,5
3,558,1,1,5,12,12
3,559,1,1,2,12,3
3,560,1,1,8,12,10
7,561,1,1,1,12,11
7,562,1,1,6,12,12
7,563,1,1,1,12,9
7,564,1,1,8,12,8
7,565,1,1,2,12,10
11,566,1,1,7,12,18
11,567,1,1,7,12,21
11,568,1,1,4,12,12
11,569,1,1,6,12,12
11,570,1,1,2,12,1
14,571,1,1,7,12,11
14,572,1,1,7,12,12
14,573,1,1,2,12,5
14,574,1,1,1,12,13
14,575,1,1,6,12,7
28,576,1,1,4,12,3
28,577,1,1,6,12,9
28,578,1,1,1,12,6
28,579,1,1,1,12,6
28,580,1,1,4,12,10
33,581,1,1,6,12,8
33,582,1,1,7,12,11
33,583,1,1,3,12,11
33,584,1,1,2,12,4
33,585,1,1,3,12,NA
34,586,1,1,4,12,15
34,587,1,1,4,12,8
34,588,1,1,7,12,17
34,589,1,1,4,12,10
34,590,1,1,3,12,12
42,591,1,1,1,12,NA
42,592,1,1,8,12,16
42,593,1,1,5,12,17
42,594,1,1,5,12,18
42,595,1,1,6,12,18
46,596,1,1,4,12,10
46,597,1,1,8,12,8
46,598,1,1,3,12,11
46,599,1,1,6,12,13
46,600,1,1,5,12,20
2,601,1,1,5,13,NA
2,602,1,1,7,13,15
2,603,1,1,8,13,11
2,604,1,1,6,13,12
2,605,1,1,8,13,9
3,606,1,1,1,13,7
3,607,1,1,2,13,4
3,608,1,1,8,13,7
3,609,1,1,2,13,6
3,610,1,1,1,13,11
7,611,1,1,8,13,16
7,612,1,1,2,13,11
7,613,1,1,3,13,13
7,614,1,1,6,13,10
7,615,1,1,2,13,NA
11,616,1,1,1,13,27
11,617,1,1,8,13,NA
11,618,1,1,8,13,11
11,619,1,1,1,13,15
11,620,1,1,1,13,12
14,621,1,1,3,13,5
14,622,1,1,1,13,10
14,623,1,1,2,13,7
14,624,1,1,4,13,12
14,625,1,1,7,13,18
28,626,1,1,5,13,21
28,627,1,1,4,13,8
28,628,1,1,8,13,10
28,629,1,1,7,13,10
28,630,1,1,1,13,16
33,631,1,1,3,13,NA
33,632,1,1,3,13,13
33,633,1,1,7,13,14
33,634,1,1,2,13,10
33,635,1,1,6,13,10
34,636,1,1,4,13,16
34,637,1,1,6,13,11
34,638,1,1,1,13,12
34,639,1,1,8,13,20
34,640,1,1,8,13,12
42,641,1,1,4,13,13
42,642,1,1,4,13,10
42,643,1,1,7,13,19
42,644,1,1,3,13,23
42,645,1,1,6,13,12
46,646,1,1,3,13,15
46,647,1,1,1,13,9
46,648,1,1,3,13,9
46,649,1,1,3,13,16
46,650,1,1,7,13,11
2,651,1,1,4,14,20
2,652,1,1,6,14,18
2,653,1,1,5,14,28
2,654,1,1,4,14,15
2,655,1,1,2,14,13
3,656,1,1,2,14,10
3,657,1,1,3,14,13
3,658,1,1,7,14,23
3,659,1,1,8,14,10
3,660,1,1,4,14,11
7,661,1,1,7,14,18
7,662,1,1,2,14,16
7,663,1,1,7,14,NA
7,664,1,1,1,14,19
7,665,1,1,5,14,16
11,666,1,1,7,14,NA
11,667,1,1,4,14,10
11,668,1,1,4,14,17
11,669,1,1,6,14,13
11,670,1,1,1,14,15
14,671,1,1,8,14,11
14,672,1,1,3,14,10
14,673,1,1,2,14,6
14,674,1,1,6,14,25
14,675,1,1,4,14,9
28,676,1,1,3,14,18
28,677,1,1,7,14,15
28,678,1,1,2,14,3
28,679,1,1,1,14,9
28,680,1,1,4,14,8
33,681,1,1,8,14,16
33,682,1,1,1,14,17
33,683,1,1,2,14,4
33,684,1,1,2,14,12
33,685,1,1,5,14,10
34,686,1,1,6,14,16
34,687,1,1,5,14,29
34,688,1,1,5,14,24
34,689,1,1,3,14,9
34,690,1,1,4,14,11
42,691,1,1,7,14,22
42,692,1,1,7,14,30
42,693,1,1,2,14,14
42,694,1,1,5,14,22
42,695,1,1,7,14,20
46,696,1,1,4,14,NA
46,697,1,1,1,14,13
46,698,1,1,4,14,9
46,699,1,1,1,14,11
46,700,1,1,2,14,10
2,701,1,1,1,15,14
2,702,1,1,5,15,21
2,703,1,1,7,15,12
2,704,1,1,7,15,NA
2,705,1,1,3,15,8
3,706,1,1,5,15,11
3,707,1,1,1,15,14
3,708,1,1,6,15,15
3,709,1,1,2,15,4
3,710,1,1,7,15,10
7,711,1,1,3,15,11
7,712,1,1,7,15,9
7,713,1,1,6,15,1
7,714,1,1,4,15,12
7,715,1,1,3,15,10
11,716,1,1,5,15,NA
11,717,1,1,4,15,13
11,718,1,1,2,15,8
11,719,1,1,1,15,14
11,720,1,1,4,15,7
14,721,1,1,1,15,14
14,722,1,1,4,15,8
14,723,1,1,3,15,NA
14,724,1,1,1,15,13
14,725,1,1,7,15,14
28,726,1,1,3,15,7
28,727,1,1,8,15,9
28,728,1,1,1,15,14
28,729,1,1,2,15,2
28,730,1,1,8,15,10
33,731,1,1,7,15,20
33,732,1,1,6,15,7
33,733,1,1,2,15,4
33,734,1,1,4,15,11
33,735,1,1,6,15,16
34,736,1,1,6,15,10
34,737,1,1,1,15,13
34,738,1,1,1,15,8
34,739,1,1,4,15,22
34,740,1,1,8,15,11
42,741,1,1,6,15,14
42,742,1,1,5,15,19
42,743,1,1,2,15,8
42,744,1,1,6,15,18
42,745,1,1,6,15,9
46,746,1,1,5,15,19
46,747,1,1,8,15,10
46,748,1,1,8,15,13
46,749,1,1,1,15,8
46,750,1,1,8,15,13
2,751,1,2,1,1,10
2,752,1,2,3,1,14
2,753,1,2,1,1,18
2,754,1,2,5,1,22
2,755,1,2,6,1,11
3,756,1,2,7,1,13
3,757,1,2,5,1,19
3,758,1,2,2,1,2
3,759,1,2,2,1,2
3,760,1,2,4,1,11
7,761,1,2,4,1,9
7,762,1,2,1,1,3
7,763,1,2,8,1,11
7,764,1,2,2,1,5
7,765,1,2,3,1,NA
11,766,1,2,2,1,4
11,767,1,2,5,1,11
11,768,1,2,5,1,24
11,769,1,2,1,1,NA
11,770,1,2,3,1,5
14,771,1,2,2,1,3
14,772,1,2,7,1,10
14,773,1,2,5,1,NA
14,774,1,2,7,1,NA
14,775,1,2,3,1,14
28,776,1,2,7,1,10
28,777,1,2,2,1,1
28,778,1,2,1,1,3
28,779,1,2,1,1,8
28,780,1,2,5,1,8
33,781,1,2,3,1,9
33,782,1,2,8,1,13
33,783,1,2,8,1,10
33,784,1,2,8,1,NA
33,785,1,2,6,1,20
34,786,1,2,7,1,11
34,787,1,2,1,1,12
34,788,1,2,4,1,15
34,789,1,2,5,1,24
34,790,1,2,8,1,11
42,791,1,2,4,1,11
42,792,1,2,4,1,16
42,793,1,2,1,1,14
42,794,1,2,1,1,13
42,795,1,2,4,1,8
46,796,1,2,5,1,22
46,797,1,2,8,1,NA
46,798,1,2,6,1,13
46,799,1,2,8,1,7
46,800,1,2,3,1,10
2,801,1,2,8,2,13
2,802,1,2,2,2,8
2,803,1,2,2,2,6
2,804,1,2,3,2,NA
2,805,1,2,7,2,16
3,806,1,2,2,2,8
3,807,1,2,7,2,18
3,808,1,2,7,2,14
3,809,1,2,5,2,19
3,810,1,2,4,2,5
7,811,1,2,7,2,16
7,812,1,2,5,2,NA
7,813,1,2,2,2,9
7,814,1,2,1,2,13
7,815,1,2,3,2,8
11,816,1,2,6,2,15
11,817,1,2,4,2,17
11,818,1,2,8,2,13
11,819,1,2,1,2,13
11,820,1,2,4,2,13
14,821,1,2,2,2,4
14,822,1,2,7,2,14
14,823,1,2,6,2,17
14,824,1,2,5,2,14
14,825,1,2,2,2,2
28,826,1,2,6,2,10
28,827,1,2,2,2,1
28,828,1,2,3,2,11
28,829,1,2,4,2,9
28,830,1,2,1,2,7
33,831,1,2,1,2,8
33,832,1,2,1,2,10
33,833,1,2,3,2,12
33,834,1,2,3,2,10
33,835,1,2,1,2,8
34,836,1,2,4,2,13
34,837,1,2,8,2,16
34,838,1,2,5,2,13
34,839,1,2,6,2,17
34,840,1,2,1,2,10
42,841,1,2,8,2,18
42,842,1,2,4,2,11
42,843,1,2,2,2,7
42,844,1,2,8,2,13
42,845,1,2,8,2,12
46,846,1,2,8,2,9
46,847,1,2,7,2,17
46,848,1,2,6,2,NA
46,849,1,2,8,2,10
46,850,1,2,2,2,3
2,851,1,2,4,3,8
2,852,1,2,8,3,14
2,853,1,2,4,3,13
2,854,1,2,8,3,10
2,855,1,2,8,3,11
3,856,1,2,2,3,1
3,857,1,2,7,3,14
3,858,1,2,8,3,9
3,859,1,2,1,3,9
3,860,1,2,5,3,13
7,861,1,2,2,3,5
7,862,1,2,8,3,9
7,863,1,2,1,3,13
7,864,1,2,7,3,18
7,865,1,2,6,3,12
11,866,1,2,2,3,NA
11,867,1,2,3,3,13
11,868,1,2,4,3,11
11,869,1,2,7,3,20
11,870,1,2,8,3,16
14,871,1,2,5,3,9
14,872,1,2,7,3,17
14,873,1,2,7,3,19
14,874,1,2,6,3,17
14,875,1,2,1,3,7
28,876,1,2,6,3,10
28,877,1,2,4,3,4
28,878,1,2,6,3,8
28,879,1,2,2,3,1
28,880,1,2,5,3,20
33,881,1,2,2,3,NA
33,882,1,2,8,3,14
33,883,1,2,5,3,27
33,884,1,2,5,3,15
33,885,1,2,4,3,5
34,886,1,2,6,3,13
34,887,1,2,3,3,13
34,888,1,2,7,3,10
34,889,1,2,1,3,14
34,890,1,2,4,3,8
42,891,1,2,4,3,12
42,892,1,2,8,3,17
42,893,1,2,5,3,13
42,894,1,2,2,3,10
42,895,1,2,6,3,10
46,896,1,2,2,3,2
46,897,1,2,5,3,17
46,898,1,2,5,3,19
46,899,1,2,7,3,18
46,900,1,2,8,3,8
2,901,1,2,2,4,1
2,902,1,2,5,4,11
2,903,1,2,1,4,7
2,904,1,2,5,4,18
2,905,1,2,3,4,8
3,906,1,2,1,4,8
3,907,1,2,2,4,1
3,908,1,2,6,4,6
3,909,1,2,4,4,4
3,910,1,2,5,4,14
7,911,1,2,4,4,7
7,912,1,2,5,4,17
7,913,1,2,4,4,10
7,914,1,2,8,4,14
7,915,1,2,6,4,5
11,916,1,2,7,4,12
11,917,1,2,8,4,10
11,918,1,2,2,4,3
11,919,1,2,2,4,1
11,920,1,2,3,4,6
14,921,1,2,3,4,13
14,922,1,2,7,4,8
14,923,1,2,2,4,5
14,924,1,2,8,4,13
14,925,1,2,6,4,3
28,926,1,2,5,4,17
28,927,1,2,2,4,1
28,928,1,2,2,4,2
28,929,1,2,1,4,6
28,930,1,2,8,4,4
33,931,1,2,3,4,7
33,932,1,2,3,4,8
33,933,1,2,6,4,8
33,934,1,2,7,4,12
33,935,1,2,7,4,10
34,936,1,2,1,4,3
34,937,1,2,6,4,9
34,938,1,2,5,4,13
34,939,1,2,4,4,6
34,940,1,2,6,4,10
42,941,1,2,1,4,5
42,942,1,2,4,4,20
42,943,1,2,7,4,11
42,944,1,2,7,4,20
42,945,1,2,2,4,4
46,946,1,2,6,4,10
46,947,1,2,3,4,6
46,948,1,2,5,4,10
46,949,1,2,4,4,8
46,950,1,2,7,4,12
2,951,1,2,8,5,NA
2,952,1,2,6,5,10
2,953,1,2,8,5,12
2,954,1,2,8,5,12
2,955,1,2,1,5,16
3,956,1,2,4,5,7
3,957,1,2,8,5,11
3,958,1,2,4,5,7
3,959,1,2,8,5,8
3,960,1,2,7,5,18
7,961,1,2,1,5,14
7,962,1,2,4,5,15
7,963,1,2,8,5,12
7,964,1,2,7,5,17
7,965,1,2,7,5,16
11,966,1,2,6,5,12
11,967,1,2,1,5,12
11,968,1,2,5,5,20
11,969,1,2,6,5,NA
11,970,1,2,2,5,7
14,971,1,2,1,5,7
14,972,1,2,7,5,15
14,973,1,2,8,5,12
14,974,1,2,5,5,17
14,975,1,2,6,5,9
28,976,1,2,4,5,7
28,977,1,2,1,5,9
28,978,1,2,3,5,6
28,979,1,2,6,5,11
28,980,1,2,5,5,11
33,981,1,2,2,5,5
33,982,1,2,4,5,7
33,983,1,2,7,5,15
33,984,1,2,8,5,9
33,985,1,2,1,5,17
34,986,1,2,5,5,18
34,987,1,2,4,5,10
34,988,1,2,3,5,10
34,989,1,2,5,5,13
34,990,1,2,7,5,18
42,991,1,2,8,5,22
42,992,1,2,6,5,16
42,993,1,2,3,5,14
42,994,1,2,5,5,16
42,995,1,2,1,5,12
46,996,1,2,3,5,10
46,997,1,2,6,5,8
46,998,1,2,1,5,12
46,999,1,2,2,5,6
46,1000,1,2,6,5,13
2,1001,1,2,7,6,25
2,1002,1,2,2,6,4
2,1003,1,2,4,6,14
2,1004,1,2,6,6,18
2,1005,1,2,2,6,12
3,1006,1,2,7,6,17
3,1007,1,2,4,6,10
3,1008,1,2,6,6,9
3,1009,1,2,7,6,16
3,1010,1,2,8,6,18
7,1011,1,2,2,6,9
7,1012,1,2,3,6,13
7,1013,1,2,2,6,7
7,1014,1,2,6,6,13
7,1015,1,2,2,6,10
11,1016,1,2,1,6,22
11,1017,1,2,3,6,18
11,1018,1,2,1,6,24
11,1019,1,2,6,6,17
11,1020,1,2,5,6,15
14,1021,1,2,8,6,17
14,1022,1,2,3,6,11
14,1023,1,2,2,6,6
14,1024,1,2,8,6,14
14,1025,1,2,7,6,15
28,1026,1,2,8,6,17
28,1027,1,2,3,6,NA
28,1028,1,2,1,6,11
28,1029,1,2,1,6,12
28,1030,1,2,2,6,6
33,1031,1,2,6,6,12
33,1032,1,2,7,6,20
33,1033,1,2,8,6,6
33,1034,1,2,2,6,11
33,1035,1,2,6,6,15
34,1036,1,2,4,6,19
34,1037,1,2,7,6,18
34,1038,1,2,7,6,15
34,1039,1,2,5,6,21
34,1040,1,2,2,6,10
42,1041,1,2,7,6,19
42,1042,1,2,7,6,17
42,1043,1,2,2,6,4
42,1044,1,2,2,6,9
42,1045,1,2,1,6,17
46,1046,1,2,8,6,11
46,1047,1,2,5,6,NA
46,1048,1,2,6,6,10
46,1049,1,2,6,6,NA
46,1050,1,2,4,6,10
2,1051,1,2,1,7,3
2,1052,1,2,2,7,5
2,1053,1,2,6,7,9
2,1054,1,2,2,7,3
2,1055,1,2,7,7,14
3,1056,1,2,4,7,6
3,1057,1,2,8,7,6
3,1058,1,2,6,7,15
3,1059,1,2,1,7,8
3,1060,1,2,7,7,15
7,1061,1,2,8,7,10
7,1062,1,2,6,7,14
7,1063,1,2,1,7,13
7,1064,1,2,5,7,14
7,1065,1,2,7,7,20
11,1066,1,2,4,7,7
11,1067,1,2,6,7,7
11,1068,1,2,4,7,5
11,1069,1,2,7,7,10
11,1070,1,2,4,7,9
14,1071,1,2,1,7,15
14,1072,1,2,6,7,NA
14,1073,1,2,8,7,4
14,1074,1,2,3,7,4
14,1075,1,2,3,7,6
28,1076,1,2,2,7,1
28,1077,1,2,8,7,6
28,1078,1,2,4,7,3
28,1079,1,2,4,7,6
28,1080,1,2,5,7,8
33,1081,1,2,7,7,8
33,1082,1,2,6,7,6
33,1083,1,2,5,7,8
33,1084,1,2,5,7,11
33,1085,1,2,2,7,NA
34,1086,1,2,4,7,7
34,1087,1,2,8,7,11
34,1088,1,2,1,7,13
34,1089,1,2,1,7,17
34,1090,1,2,3,7,9
42,1091,1,2,1,7,13
42,1092,1,2,6,7,14
42,1093,1,2,3,7,17
42,1094,1,2,3,7,12
42,1095,1,2,7,7,18
46,1096,1,2,8,7,5
46,1097,1,2,8,7,9
46,1098,1,2,7,7,10
46,1099,1,2,5,7,15
46,1100,1,2,4,7,7
2,1101,1,2,5,8,12
2,1102,1,2,3,8,6
2,1103,1,2,7,8,12
2,1104,1,2,7,8,19
2,1105,1,2,1,8,11
3,1106,1,2,3,8,5
3,1107,1,2,7,8,8
3,1108,1,2,2,8,1
3,1109,1,2,5,8,15
3,1110,1,2,2,8,2
7,1111,1,2,1,8,5
7,1112,1,2,8,8,NA
7,1113,1,2,2,8,7
7,1114,1,2,1,8,7
7,1115,1,2,4,8,9
11,1116,1,2,4,8,14
11,1117,1,2,6,8,11
11,1118,1,2,1,8,12
11,1119,1,2,8,8,8
11,1120,1,2,8,8,8
14,1121,1,2,8,8,11
14,1122,1,2,2,8,1
14,1123,1,2,5,8,12
14,1124,1,2,2,8,1
14,1125,1,2,1,8,13
28,1126,1,2,1,8,10
28,1127,1,2,4,8,7
28,1128,1,2,2,8,1
28,1129,1,2,5,8,4
28,1130,1,2,4,8,10
33,1131,1,2,7,8,14
33,1132,1,2,8,8,9
33,1133,1,2,6,8,12
33,1134,1,2,1,8,5
33,1135,1,2,7,8,10
34,1136,1,2,6,8,24
34,1137,1,2,2,8,6
34,1138,1,2,6,8,11
34,1139,1,2,7,8,15
34,1140,1,2,7,8,15
42,1141,1,2,3,8,NA
42,1142,1,2,3,8,13
42,1143,1,2,7,8,14
42,1144,1,2,6,8,15
42,1145,1,2,2,8,4
46,1146,1,2,5,8,22
46,1147,1,2,3,8,7
46,1148,1,2,5,8,19
46,1149,1,2,5,8,16
46,1150,1,2,7,8,6
2,1151,1,2,6,9,12
2,1152,1,2,7,9,19
2,1153,1,2,1,9,9
2,1154,1,2,8,9,14
2,1155,1,2,5,9,11
3,1156,1,2,1,9,3
3,1157,1,2,5,9,15
3,1158,1,2,8,9,14
3,1159,1,2,3,9,3
3,1160,1,2,1,9,9
7,1161,1,2,2,9,4
7,1162,1,2,6,9,9
7,1163,1,2,3,9,7
7,1164,1,2,4,9,8
7,1165,1,2,2,9,6
11,1166,1,2,6,9,18
11,1167,1,2,2,9,11
11,1168,1,2,6,9,13
11,1169,1,2,8,9,14
11,1170,1,2,4,9,17
14,1171,1,2,5,9,24
14,1172,1,2,3,9,7
14,1173,1,2,1,9,11
14,1174,1,2,3,9,10
14,1175,1,2,7,9,10
28,1176,1,2,4,9,11
28,1177,1,2,5,9,9
28,1178,1,2,7,9,17
28,1179,1,2,1,9,9
28,1180,1,2,7,9,17
33,1181,1,2,3,9,9
33,1182,1,2,6,9,10
33,1183,1,2,2,9,1
33,1184,1,2,2,9,8
33,1185,1,2,2,9,3
34,1186,1,2,5,9,NA
34,1187,1,2,4,9,13
34,1188,1,2,5,9,12
34,1189,1,2,5,9,23
34,1190,1,2,6,9,16
42,1191,1,2,4,9,9
42,1192,1,2,3,9,16
42,1193,1,2,5,9,19
42,1194,1,2,7,9,21
42,1195,1,2,4,9,14
46,1196,1,2,2,9,4
46,1197,1,2,6,9,12
46,1198,1,2,6,9,9
46,1199,1,2,1,9,9
46,1200,1,2,2,9,1
2,1201,1,2,6,10,12
2,1202,1,2,7,10,13
2,1203,1,2,5,10,16
2,1204,1,2,7,10,16
2,1205,1,2,5,10,12
3,1206,1,2,1,10,6
3,1207,1,2,5,10,12
3,1208,1,2,1,10,7
3,1209,1,2,2,10,1
3,1210,1,2,3,10,NA
7,1211,1,2,4,10,9
7,1212,1,2,4,10,9
7,1213,1,2,2,10,1
7,1214,1,2,5,10,10
7,1215,1,2,2,10,1
11,1216,1,2,4,10,12
11,1217,1,2,4,10,6
11,1218,1,2,8,10,5
11,1219,1,2,5,10,9
11,1220,1,2,5,10,14
14,1221,1,2,6,10,NA
14,1222,1,2,5,10,20
14,1223,1,2,6,10,7
14,1224,1,2,6,10,10
14,1225,1,2,7,10,16
28,1226,1,2,8,10,6
28,1227,1,2,6,10,5
28,1228,1,2,4,10,1
28,1229,1,2,1,10,4
28,1230,1,2,8,10,8
33,1231,1,2,5,10,10
33,1232,1,2,2,10,NA
33,1233,1,2,7,10,12
33,1234,1,2,5,10,16
33,1235,1,2,3,10,7
34,1236,1,2,6,10,8
34,1237,1,2,1,10,4
34,1238,1,2,7,10,16
34,1239,1,2,1,10,5
34,1240,1,2,8,10,6
42,1241,1,2,7,10,17
42,1242,1,2,4,10,14
42,1243,1,2,3,10,15
42,1244,1,2,1,10,NA
42,1245,1,2,1,10,NA
46,1246,1,2,3,10,6
46,1247,1,2,4,10,NA
46,1248,1,2,4,10,1
46,1249,1,2,4,10,6
46,1250,1,2,1,10,8
2,1251,1,2,6,11,17
2,1252,1,2,7,11,NA
2,1253,1,2,2,11,7
2,1254,1,2,1,11,18
2,1255,1,2,4,11,11
3,1256,1,2,6,11,11
3,1257,1,2,7,11,5
3,1258,1,2,5,11,13
3,1259,1,2,4,11,5
3,1260,1,2,2,11,5
7,1261,1,2,1,11,3
7,1262,1,2,4,11,11
7,1263,1,2,2,11,1
7,1264,1,2,3,11,10
7,1265,1,2,2,11,3
11,1266,1,2,8,11,9
11,1267,1,2,3,11,9
11,1268,1,2,6,11,10
11,1269,1,2,1,11,10
11,1270,1,2,3,11,13
14,1271,1,2,7,11,21
14,1272,1,2,2,11,3
14,1273,1,2,7,11,8
14,1274,1,2,6,11,13
14,1275,1,2,4,11,8
28,1276,1,2,5,11,14
28,1277,1,2,3,11,5
28,1278,1,2,6,11,9
28,1279,1,2,1,11,5
28,1280,1,2,1,11,15
33,1281,1,2,6,11,8
33,1282,1,2,4,11,12
33,1283,1,2,3,11,9
33,1284,1,2,6,11,13
33,1285,1,2,8,11,4
34,1286,1,2,4,11,8
34,1287,1,2,1,11,9
34,1288,1,2,2,11,4
34,1289,1,2,3,11,9
34,1290,1,2,2,11,8
42,1291,1,2,4,11,18
42,1292,1,2,5,11,23
42,1293,1,2,7,11,15
42,1294,1,2,2,11,16
42,1295,1,2,5,11,25
46,1296,1,2,4,11,10
46,1297,1,2,3,11,15
46,1298,1,2,4,11,9
46,1299,1,2,3,11,13
46,1300,1,2,4,11,6
2,1301,1,2,6,12,13
2,1302,1,2,6,12,11
2,1303,1,2,8,12,18
2,1304,1,2,1,12,14
2,1305,1,2,6,12,14
3,1306,1,2,3,12,10
3,1307,1,2,4,12,11
3,1308,1,2,2,12,3
3,1309,1,2,5,12,18
3,1310,1,2,7,12,10
7,1311,1,2,3,12,9
7,1312,1,2,5,12,12
7,1313,1,2,2,12,2
7,1314,1,2,1,12,14
7,1315,1,2,7,12,17
11,1316,1,2,2,12,3
11,1317,1,2,4,12,7
11,1318,1,2,4,12,14
11,1319,1,2,7,12,16
11,1320,1,2,6,12,13
14,1321,1,2,6,12,5
14,1322,1,2,8,12,8
14,1323,1,2,3,12,5
14,1324,1,2,6,12,6
14,1325,1,2,3,12,12
28,1326,1,2,2,12,3
28,1327,1,2,1,12,8
28,1328,1,2,5,12,12
28,1329,1,2,2,12,1
28,1330,1,2,4,12,NA
33,1331,1,2,4,12,6
33,1332,1,2,3,12,9
33,1333,1,2,4,12,16
33,1334,1,2,3,12,10
33,1335,1,2,5,12,NA
34,1336,1,2,3,12,8
34,1337,1,2,7,12,15
34,1338,1,2,3,12,9
34,1339,1,2,4,12,7
34,1340,1,2,1,12,11
42,1341,1,2,1,12,15
42,1342,1,2,3,12,10
42,1343,1,2,5,12,15
42,1344,1,2,1,12,11
42,1345,1,2,4,12,15
46,1346,1,2,8,12,11
46,1347,1,2,4,12,8
46,1348,1,2,5,12,12
46,1349,1,2,4,12,13
46,1350,1,2,5,12,13
2,1351,1,2,2,13,13
2,1352,1,2,6,13,11
2,1353,1,2,2,13,5
2,1354,1,2,3,13,7
2,1355,1,2,1,13,16
3,1356,1,2,7,13,9
3,1357,1,2,1,13,6
3,1358,1,2,7,13,20
3,1359,1,2,1,13,12
3,1360,1,2,4,13,13
7,1361,1,2,1,13,9
7,1362,1,2,5,13,15
7,1363,1,2,1,13,8
7,1364,1,2,3,13,12
7,1365,1,2,4,13,11
11,1366,1,2,7,13,20
11,1367,1,2,4,13,16
11,1368,1,2,7,13,18
11,1369,1,2,6,13,10
11,1370,1,2,3,13,9
14,1371,1,2,8,13,NA
14,1372,1,2,8,13,12
14,1373,1,2,3,13,9
14,1374,1,2,6,13,11
14,1375,1,2,2,13,11
28,1376,1,2,1,13,14
28,1377,1,2,8,13,8
28,1378,1,2,7,13,18
28,1379,1,2,1,13,8
28,1380,1,2,4,13,8
33,1381,1,2,3,13,9
33,1382,1,2,2,13,NA
33,1383,1,2,3,13,12
33,1384,1,2,3,13,11
33,1385,1,2,6,13,6
34,1386,1,2,1,13,16
34,1387,1,2,7,13,20
34,1388,1,2,5,13,22
34,1389,1,2,6,13,11
34,1390,1,2,5,13,23
42,1391,1,2,6,13,22
42,1392,1,2,5,13,19
42,1393,1,2,4,13,10
42,1394,1,2,4,13,9
42,1395,1,2,2,13,11
46,1396,1,2,4,13,8
46,1397,1,2,2,13,NA
46,1398,1,2,5,13,16
46,1399,1,2,2,13,5
46,1400,1,2,8,13,12
2,1401,1,2,8,14,14
2,1402,1,2,1,14,28
2,1403,1,2,5,14,25
2,1404,1,2,4,14,11
2,1405,1,2,3,14,13
3,1406,1,2,1,14,11
3,1407,1,2,7,14,17
3,1408,1,2,8,14,14
3,1409,1,2,3,14,10
3,1410,1,2,6,14,6
7,1411,1,2,3,14,11
7,1412,1,2,7,14,16
7,1413,1,2,8,14,16
7,1414,1,2,2,14,4
7,1415,1,2,6,14,12
11,1416,1,2,1,14,19
11,1417,1,2,6,14,13
11,1418,1,2,6,14,16
11,1419,1,2,8,14,14
11,1420,1,2,1,14,13
14,1421,1,2,6,14,14
14,1422,1,2,5,14,23
14,1423,1,2,2,14,8
14,1424,1,2,4,14,15
14,1425,1,2,4,14,13
28,1426,1,2,7,14,16
28,1427,1,2,4,14,12
28,1428,1,2,3,14,7
28,1429,1,2,4,14,7
28,1430,1,2,6,14,15
33,1431,1,2,6,14,19
33,1432,1,2,6,14,13
33,1433,1,2,4,14,15
33,1434,1,2,5,14,23
33,1435,1,2,4,14,17
34,1436,1,2,1,14,8
34,1437,1,2,2,14,14
34,1438,1,2,5,14,20
34,1439,1,2,3,14,27
34,1440,1,2,2,14,12
42,1441,1,2,5,14,17
42,1442,1,2,6,14,16
42,1443,1,2,8,14,15
42,1444,1,2,8,14,16
42,1445,1,2,3,14,16
46,1446,1,2,8,14,23
46,1447,1,2,7,14,18
46,1448,1,2,2,14,5
46,1449,1,2,4,14,9
46,1450,1,2,2,14,8
2,1451,1,2,6,15,20
2,1452,1,2,3,15,14
2,1453,1,2,4,15,9
2,1454,1,2,8,15,26
2,1455,1,2,3,15,13
3,1456,1,2,6,15,12
3,1457,1,2,7,15,18
3,1458,1,2,8,15,6
3,1459,1,2,6,15,6
3,1460,1,2,2,15,1
7,1461,1,2,1,15,8
7,1462,1,2,6,15,11
7,1463,1,2,4,15,7
7,1464,1,2,7,15,16
7,1465,1,2,8,15,13
11,1466,1,2,1,15,15
11,1467,1,2,3,15,13
11,1468,1,2,8,15,11
11,1469,1,2,8,15,7
11,1470,1,2,7,15,14
14,1471,1,2,8,15,13
14,1472,1,2,5,15,19
14,1473,1,2,8,15,8
14,1474,1,2,5,15,16
14,1475,1,2,2,15,5
28,1476,1,2,7,15,13
28,1477,1,2,6,15,5
28,1478,1,2,3,15,5
28,1479,1,2,1,15,6
28,1480,1,2,3,15,6
33,1481,1,2,5,15,11
33,1482,1,2,5,15,21
33,1483,1,2,1,15,9
33,1484,1,2,3,15,9
33,1485,1,2,4,15,6
34,1486,1,2,3,15,14
34,1487,1,2,1,15,9
34,1488,1,2,4,15,8
34,1489,1,2,1,15,27
34,1490,1,2,2,15,5
42,1491,1,2,2,15,10
42,1492,1,2,4,15,10
42,1493,1,2,4,15,13
42,1494,1,2,8,15,16
42,1495,1,2,4,15,13
46,1496,1,2,7,15,11
46,1497,1,2,6,15,10
46,1498,1,2,1,15,6
46,1499,1,2,7,15,19
46,1500,1,2,2,15,4
61,1501,2,1,6,1,12
61,1502,2,1,2,1,6
61,1503,2,1,8,1,12
61,1504,2,1,6,1,9
61,1505,2,1,1,1,11
71,1506,2,1,1,1,10
71,1507,2,1,4,1,7
71,1508,2,1,8,1,12
71,1509,2,1,2,1,2
71,1510,2,1,6,1,9
72,1511,2,1,2,1,8
72,1512,2,1,1,1,14
72,1513,2,1,5,1,10
72,1514,2,1,2,1,4
72,1515,2,1,4,1,16
73,1516,2,1,3,1,10
73,1517,2,1,2,1,2
73,1518,2,1,3,1,2
73,1519,2,1,5,1,16
73,1520,2,1,8,1,8
78,1521,2,1,5,1,17
78,1522,2,1,1,1,9
78,1523,2,1,6,1,4
78,1524,2,1,3,1,5
78,1525,2,1,4,1,7
85,1526,2,1,3,1,25
85,1527,2,1,5,1,19
85,1528,2,1,2,1,6
85,1529,2,1,7,1,9
85,1530,2,1,8,1,9
89,1531,2,1,6,1,11
89,1532,2,1,1,1,NA
89,1533,2,1,6,1,NA
89,1534,2,1,3,1,9
89,1535,2,1,2,1,NA
92,1536,2,1,5,1,14
92,1537,2,1,3,1,12
92,1538,2,1,7,1,10
92,1539,2,1,6,1,6
92,1540,2,1,8,1,8
93,1541,2,1,1,1,NA
93,1542,2,1,7,1,12
93,1543,2,1,4,1,13
93,1544,2,1,1,1,12
93,1545,2,1,2,1,4
96,1546,2,1,1,1,14
96,1547,2,1,5,1,26
96,1548,2,1,8,1,18
96,1549,2,1,5,1,23
96,1550,2,1,1,1,NA
61,1551,2,1,2,2,NA
61,1552,2,1,4,2,13
61,1553,2,1,1,2,17
61,1554,2,1,1,2,19
61,1555,2,1,1,2,16
71,1556,2,1,5,2,21
71,1557,2,1,2,2,6
71,1558,2,1,7,2,10
71,1559,2,1,5,2,6
71,1560,2,1,8,2,15
72,1561,2,1,4,2,6
72,1562,2,1,1,2,11
72,1563,2,1,2,2,8
72,1564,2,1,6,2,9
72,1565,2,1,8,2,14
73,1566,2,1,3,2,NA
73,1567,2,1,5,2,15
73,1568,2,1,4,2,6
73,1569,2,1,5,2,18
73,1570,2,1,8,2,6
78,1571,2,1,3,2,6
78,1572,2,1,4,2,11
78,1573,2,1,5,2,10
78,1574,2,1,1,2,11
78,1575,2,1,1,2,12
85,1576,2,1,7,2,14
85,1577,2,1,2,2,11
85,1578,2,1,7,2,27
85,1579,2,1,3,2,19
85,1580,2,1,2,2,2
89,1581,2,1,5,2,11
89,1582,2,1,4,2,5
89,1583,2,1,2,2,4
89,1584,2,1,5,2,9
89,1585,2,1,5,2,14
92,1586,2,1,5,2,14
92,1587,2,1,5,2,12
92,1588,2,1,2,2,7
92,1589,2,1,7,2,8
92,1590,2,1,8,2,14
93,1591,2,1,1,2,5
93,1592,2,1,5,2,27
93,1593,2,1,4,2,12
93,1594,2,1,6,2,6
93,1595,2,1,8,2,15
96,1596,2,1,2,2,4
96,1597,2,1,4,2,14
96,1598,2,1,3,2,9
96,1599,2,1,3,2,10
96,1600,2,1,3,2,24
61,1601,2,1,8,3,15
61,1602,2,1,1,3,12
61,1603,2,1,6,3,11
61,1604,2,1,4,3,12
61,1605,2,1,3,3,17
71,1606,2,1,4,3,9
71,1607,2,1,5,3,26
71,1608,2,1,8,3,9
71,1609,2,1,3,3,NA
71,1610,2,1,4,3,7
72,1611,2,1,4,3,18
72,1612,2,1,4,3,11
72,1613,2,1,2,3,3
72,1614,2,1,1,3,17
72,1615,2,1,3,3,11
73,1616,2,1,6,3,11
73,1617,2,1,2,3,6
73,1618,2,1,3,3,17
73,1619,2,1,7,3,NA
73,1620,2,1,7,3,17
78,1621,2,1,3,3,16
78,1622,2,1,1,3,10
78,1623,2,1,8,3,13
78,1624,2,1,7,3,15
78,1625,2,1,4,3,7
85,1626,2,1,2,3,9
85,1627,2,1,2,3,8
85,1628,2,1,8,3,13
85,1629,2,1,4,3,12
85,1630,2,1,1,3,15
89,1631,2,1,7,3,15
89,1632,2,1,7,3,15
89,1633,2,1,5,3,15
89,1634,2,1,4,3,4
89,1635,2,1,5,3,14
92,1636,2,1,5,3,11
92,1637,2,1,4,3,5
92,1638,2,1,3,3,NA
92,1639,2,1,6,3,11
92,1640,2,1,3,3,4
93,1641,2,1,8,3,7
93,1642,2,1,7,3,14
93,1643,2,1,5,3,16
93,1644,2,1,7,3,19
93,1645,2,1,1,3,15
96,1646,2,1,4,3,12
96,1647,2,1,7,3,19
96,1648,2,1,2,3,9
96,1649,2,1,8,3,14
96,1650,2,1,1,3,14
61,1651,2,1,8,4,17
61,1652,2,1,7,4,9
61,1653,2,1,1,4,8
61,1654,2,1,1,4,13
61,1655,2,1,3,4,9
71,1656,2,1,8,4,11
71,1657,2,1,8,4,10
71,1658,2,1,1,4,7
71,1659,2,1,3,4,6
71,1660,2,1,6,4,11
72,1661,2,1,3,4,4
72,1662,2,1,6,4,5
72,1663,2,1,6,4,9
72,1664,2,1,4,4,12
72,1665,2,1,6,4,8
73,1666,2,1,1,4,NA
73,1667,2,1,6,4,6
73,1668,2,1,8,4,6
73,1669,2,1,5,4,NA
73,1670,2,1,3,4,3
78,1671,2,1,7,4,10
78,1672,2,1,6,4,12
78,1673,2,1,6,4,9
78,1674,2,1,5,4,14
78,1675,2,1,7,4,13
85,1676,2,1,2,4,7
85,1677,2,1,7,4,13
85,1678,2,1,5,4,NA
85,1679,2,1,3,4,14
85,1680,2,1,3,4,7
89,1681,2,1,6,4,5
89,1682,2,1,6,4,1
89,1683,2,1,7,4,15
89,1684,2,1,7,4,9
89,1685,2,1,3,4,4
92,1686,2,1,4,4,8
92,1687,2,1,4,4,6
92,1688,2,1,8,4,9
92,1689,2,1,5,4,18
92,1690,2,1,4,4,10
93,1691,2,1,7,4,15
93,1692,2,1,4,4,6
93,1693,2,1,5,4,12
93,1694,2,1,5,4,18
93,1695,2,1,6,4,8
96,1696,2,1,6,4,10
96,1697,2,1,3,4,NA
96,1698,2,1,8,4,14
96,1699,2,1,7,4,16
96,1700,2,1,1,4,14
61,1701,2,1,2,5,11
61,1702,2,1,8,5,NA
61,1703,2,1,4,5,15
61,1704,2,1,5,5,19
61,1705,2,1,2,5,12
71,1706,2,1,4,5,13
71,1707,2,1,2,5,4
71,1708,2,1,4,5,10
71,1709,2,1,3,5,10
71,1710,2,1,3,5,8
72,1711,2,1,2,5,8
72,1712,2,1,1,5,11
72,1713,2,1,6,5,8
72,1714,2,1,8,5,10
72,1715,2,1,1,5,11
73,1716,2,1,1,5,NA
73,1717,2,1,4,5,6
73,1718,2,1,2,5,4
73,1719,2,1,8,5,9
73,1720,2,1,6,5,11
78,1721,2,1,8,5,8
78,1722,2,1,3,5,10
78,1723,2,1,3,5,8
78,1724,2,1,8,5,22
78,1725,2,1,4,5,5
85,1726,2,1,5,5,14
85,1727,2,1,4,5,13
85,1728,2,1,4,5,15
85,1729,2,1,4,5,21
85,1730,2,1,3,5,7
89,1731,2,1,7,5,11
89,1732,2,1,8,5,8
89,1733,2,1,1,5,9
89,1734,2,1,3,5,3
89,1735,2,1,5,5,15
92,1736,2,1,7,5,19
92,1737,2,1,7,5,8
92,1738,2,1,2,5,8
92,1739,2,1,3,5,9
92,1740,2,1,2,5,3
93,1741,2,1,6,5,10
93,1742,2,1,3,5,5
93,1743,2,1,2,5,6
93,1744,2,1,8,5,14
93,1745,2,1,8,5,8
96,1746,2,1,1,5,13
96,1747,2,1,4,5,9
96,1748,2,1,3,5,16
96,1749,2,1,1,5,15
96,1750,2,1,2,5,10
61,1751,2,1,5,6,17
61,1752,2,1,1,6,19
61,1753,2,1,6,6,20
61,1754,2,1,7,6,20
61,1755,2,1,5,6,18
71,1756,2,1,3,6,16
71,1757,2,1,2,6,9
71,1758,2,1,2,6,8
71,1759,2,1,1,6,15
71,1760,2,1,8,6,18
72,1761,2,1,7,6,18
72,1762,2,1,2,6,13
72,1763,2,1,4,6,12
72,1764,2,1,6,6,16
72,1765,2,1,8,6,15
73,1766,2,1,4,6,12
73,1767,2,1,3,6,22
73,1768,2,1,3,6,10
73,1769,2,1,1,6,6
73,1770,2,1,4,6,13
78,1771,2,1,7,6,19
78,1772,2,1,5,6,21
78,1773,2,1,2,6,12
78,1774,2,1,7,6,13
78,1775,2,1,4,6,14
85,1776,2,1,8,6,23
85,1777,2,1,1,6,17
85,1778,2,1,5,6,24
85,1779,2,1,7,6,23
85,1780,2,1,6,6,14
89,1781,2,1,4,6,11
89,1782,2,1,1,6,14
89,1783,2,1,2,6,9
89,1784,2,1,6,6,10
89,1785,2,1,6,6,7
92,1786,2,1,6,6,7
92,1787,2,1,6,6,NA
92,1788,2,1,3,6,11
92,1789,2,1,1,6,15
92,1790,2,1,4,6,14
93,1791,2,1,2,6,NA
93,1792,2,1,1,6,NA
93,1793,2,1,3,6,10
93,1794,2,1,3,6,14
93,1795,2,1,2,6,8
96,1796,2,1,8,6,7
96,1797,2,1,4,6,14
96,1798,2,1,7,6,25
96,1799,2,1,2,6,8
96,1800,2,1,2,6,8
61,1801,2,1,5,7,26
61,1802,2,1,4,7,8
61,1803,2,1,2,7,7
61,1804,2,1,2,7,13
61,1805,2,1,1,7,10
71,1806,2,1,6,7,7
71,1807,2,1,1,7,10
71,1808,2,1,6,7,15
71,1809,2,1,1,7,11
71,1810,2,1,2,7,5
72,1811,2,1,7,7,9
72,1812,2,1,8,7,6
72,1813,2,1,7,7,15
72,1814,2,1,6,7,15
72,1815,2,1,3,7,NA
73,1816,2,1,5,7,11
73,1817,2,1,5,7,9
73,1818,2,1,4,7,11
73,1819,2,1,5,7,11
73,1820,2,1,3,7,7
78,1821,2,1,8,7,13
78,1822,2,1,2,7,8
78,1823,2,1,6,7,9
78,1824,2,1,8,7,7
78,1825,2,1,7,7,16
85,1826,2,1,3,7,19
85,1827,2,1,3,7,15
85,1828,2,1,2,7,9
85,1829,2,1,3,7,9
85,1830,2,1,8,7,10
89,1831,2,1,7,7,7
89,1832,2,1,5,7,15
89,1833,2,1,7,7,NA
89,1834,2,1,4,7,14
89,1835,2,1,1,7,8
92,1836,2,1,5,7,10
92,1837,2,1,8,7,3
92,1838,2,1,1,7,12
92,1839,2,1,8,7,12
92,1840,2,1,3,7,8
93,1841,2,1,1,7,9
93,1842,2,1,1,7,11
93,1843,2,1,3,7,12
93,1844,2,1,6,7,7
93,1845,2,1,8,7,9
96,1846,2,1,5,7,22
96,1847,2,1,7,7,14
96,1848,2,1,4,7,13
96,1849,2,1,5,7,19
96,1850,2,1,2,7,11
61,1851,2,1,8,8,14
61,1852,2,1,8,8,13
61,1853,2,1,5,8,19
61,1854,2,1,4,8,11
61,1855,2,1,7,8,21
71,1856,2,1,7,8,15
71,1857,2,1,3,8,8
71,1858,2,1,5,8,16
71,1859,2,1,2,8,1
71,1860,2,1,2,8,1
72,1861,2,1,8,8,9
72,1862,2,1,8,8,9
72,1863,2,1,2,8,2
72,1864,2,1,1,8,8
72,1865,2,1,4,8,5
73,1866,2,1,4,8,NA
73,1867,2,1,3,8,1
73,1868,2,1,6,8,7
73,1869,2,1,7,8,13
73,1870,2,1,2,8,1
78,1871,2,1,1,8,10
78,1872,2,1,2,8,4
78,1873,2,1,1,8,15
78,1874,2,1,8,8,11
78,1875,2,1,4,8,10
85,1876,2,1,5,8,20
85,1877,2,1,8,8,12
85,1878,2,1,3,8,9
85,1879,2,1,3,8,15
85,1880,2,1,2,8,4
89,1881,2,1,4,8,3
89,1882,2,1,3,8,2
89,1883,2,1,2,8,1
89,1884,2,1,3,8,5
89,1885,2,1,8,8,5
92,1886,2,1,6,8,7
92,1887,2,1,1,8,10
92,1888,2,1,7,8,8
92,1889,2,1,4,8,8
92,1890,2,1,2,8,4
93,1891,2,1,1,8,10
93,1892,2,1,6,8,9
93,1893,2,1,4,8,5
93,1894,2,1,5,8,13
93,1895,2,1,6,8,8
96,1896,2,1,6,8,NA
96,1897,2,1,7,8,16
96,1898,2,1,2,8,NA
96,1899,2,1,6,8,11
96,1900,2,1,3,8,11
61,1901,2,1,8,9,15
61,1902,2,1,6,9,12
61,1903,2,1,5,9,20
61,1904,2,1,1,9,19
61,1905,2,1,6,9,19
71,1906,2,1,4,9,NA
71,1907,2,1,8,9,8
71,1908,2,1,4,9,5
71,1909,2,1,3,9,11
71,1910,2,1,6,9,17
72,1911,2,1,1,9,12
72,1912,2,1,8,9,NA
72,1913,2,1,3,9,13
72,1914,2,1,7,9,14
72,1915,2,1,1,9,9
73,1916,2,1,3,9,10
73,1917,2,1,4,9,7
73,1918,2,1,3,9,11
73,1919,2,1,7,9,9
73,1920,2,1,2,9,2
78,1921,2,1,5,9,13
78,1922,2,1,3,9,12
78,1923,2,1,7,9,15
78,1924,2,1,1,9,9
78,1925,2,1,2,9,5
85,1926,2,1,1,9,12
85,1927,2,1,2,9,10
85,1928,2,1,3,9,15
85,1929,2,1,4,9,13
85,1930,2,1,8,9,14
89,1931,2,1,1,9,8
89,1932,2,1,5,9,11
89,1933,2,1,3,9,8
89,1934,2,1,6,9,8
89,1935,2,1,2,9,3
92,1936,2,1,4,9,11
92,1937,2,1,6,9,11
92,1938,2,1,4,9,7
92,1939,2,1,5,9,NA
92,1940,2,1,2,9,4
93,1941,2,1,8,9,17
93,1942,2,1,5,9,8
93,1943,2,1,8,9,12
93,1944,2,1,5,9,19
93,1945,2,1,8,9,16
96,1946,2,1,7,9,15
96,1947,2,1,6,9,13
96,1948,2,1,8,9,12
96,1949,2,1,1,9,14
96,1950,2,1,6,9,NA
61,1951,2,1,2,10,6
61,1952,2,1,2,10,5
61,1953,2,1,8,10,10
61,1954,2,1,2,10,6
61,1955,2,1,7,10,11
71,1956,2,1,8,10,7
71,1957,2,1,8,10,14
71,1958,2,1,6,10,11
71,1959,2,1,6,10,11
71,1960,2,1,1,10,5
72,1961,2,1,5,10,14
72,1962,2,1,7,10,14
72,1963,2,1,1,10,4
72,1964,2,1,3,10,7
72,1965,2,1,8,10,14
73,1966,2,1,2,10,1
73,1967,2,1,4,10,1
73,1968,2,1,8,10,7
73,1969,2,1,8,10,6
73,1970,2,1,8,10,7
78,1971,2,1,1,10,6
78,1972,2,1,8,10,3
78,1973,2,1,2,10,1
78,1974,2,1,3,10,8
78,1975,2,1,1,10,8
85,1976,2,1,8,10,16
85,1977,2,1,8,10,10
85,1978,2,1,6,10,14
85,1979,2,1,3,10,11
85,1980,2,1,8,10,14
89,1981,2,1,4,10,8
89,1982,2,1,6,10,3
89,1983,2,1,8,10,3
89,1984,2,1,1,10,13
89,1985,2,1,2,10,1
92,1986,2,1,4,10,8
92,1987,2,1,3,10,10
92,1988,2,1,4,10,4
92,1989,2,1,3,10,6
92,1990,2,1,6,10,7
93,1991,2,1,6,10,9
93,1992,2,1,4,10,17
93,1993,2,1,2,10,3
93,1994,2,1,1,10,6
93,1995,2,1,4,10,8
96,1996,2,1,6,10,9
96,1997,2,1,6,10,17
96,1998,2,1,2,10,4
96,1999,2,1,4,10,9
96,2000,2,1,5,10,13
61,2001,2,1,3,11,11
61,2002,2,1,2,11,7
61,2003,2,1,2,11,NA
61,2004,2,1,8,11,14
61,2005,2,1,3,11,14
71,2006,2,1,7,11,15
71,2007,2,1,1,11,15
71,2008,2,1,8,11,10
71,2009,2,1,6,11,15
71,2010,2,1,5,11,23
72,2011,2,1,5,11,18
72,2012,2,1,7,11,17
72,2013,2,1,6,11,13
72,2014,2,1,8,11,14
72,2015,2,1,6,11,9
73,2016,2,1,4,11,16
73,2017,2,1,1,11,9
73,2018,2,1,5,11,13
73,2019,2,1,8,11,9
73,2020,2,1,3,11,5
78,2021,2,1,2,11,6
78,2022,2,1,2,11,NA
78,2023,2,1,2,11,5
78,2024,2,1,1,11,13
78,2025,2,1,6,11,8
85,2026,2,1,8,11,19
85,2027,2,1,7,11,22
85,2028,2,1,1,11,17
85,2029,2,1,8,11,11
85,2030,2,1,1,11,14
89,2031,2,1,4,11,10
89,2032,2,1,6,11,5
89,2033,2,1,6,11,7
89,2034,2,1,7,11,7
89,2035,2,1,6,11,4
92,2036,2,1,4,11,11
92,2037,2,1,4,11,9
92,2038,2,1,6,11,7
92,2039,2,1,4,11,7
92,2040,2,1,1,11,22
93,2041,2,1,8,11,12
93,2042,2,1,2,11,1
93,2043,2,1,5,11,13
93,2044,2,1,7,11,NA
93,2045,2,1,5,11,16
96,2046,2,1,3,11,12
96,2047,2,1,7,11,21
96,2048,2,1,3,11,14
96,2049,2,1,5,11,NA
96,2050,2,1,2,11,6
61,2051,2,1,5,12,13
61,2052,2,1,5,12,19
61,2053,2,1,6,12,14
61,2054,2,1,1,12,14
61,2055,2,1,7,12,18
71,2056,2,1,1,12,18
71,2057,2,1,6,12,11
71,2058,2,1,5,12,16
71,2059,2,1,8,12,11
71,2060,2,1,2,12,4
72,2061,2,1,1,12,8
72,2062,2,1,8,12,17
72,2063,2,1,4,12,16
72,2064,2,1,8,12,13
72,2065,2,1,3,12,5
73,2066,2,1,8,12,11
73,2067,2,1,6,12,12
73,2068,2,1,6,12,11
73,2069,2,1,6,12,7
73,2070,2,1,4,12,10
78,2071,2,1,8,12,10
78,2072,2,1,8,12,11
78,2073,2,1,7,12,12
78,2074,2,1,1,12,14
78,2075,2,1,2,12,2
85,2076,2,1,1,12,11
85,2077,2,1,6,12,15
85,2078,2,1,7,12,NA
85,2079,2,1,5,12,12
85,2080,2,1,2,12,11
89,2081,2,1,2,12,3
89,2082,2,1,7,12,15
89,2083,2,1,3,12,2
89,2084,2,1,2,12,1
89,2085,2,1,8,12,NA
92,2086,2,1,4,12,6
92,2087,2,1,3,12,14
92,2088,2,1,1,12,9
92,2089,2,1,7,12,20
92,2090,2,1,5,12,14
93,2091,2,1,5,12,13
93,2092,2,1,2,12,4
93,2093,2,1,2,12,3
93,2094,2,1,4,12,10
93,2095,2,1,1,12,10
96,2096,2,1,1,12,13
96,2097,2,1,1,12,12
96,2098,2,1,7,12,17
96,2099,2,1,1,12,12
96,2100,2,1,3,12,17
61,2101,2,1,1,13,17
61,2102,2,1,3,13,19
61,2103,2,1,3,13,8
61,2104,2,1,2,13,13
61,2105,2,1,6,13,15
71,2106,2,1,1,13,10
71,2107,2,1,7,13,10
71,2108,2,1,3,13,13
71,2109,2,1,3,13,10
71,2110,2,1,2,13,7
72,2111,2,1,5,13,16
72,2112,2,1,7,13,14
72,2113,2,1,1,13,10
72,2114,2,1,8,13,13
72,2115,2,1,6,13,9
73,2116,2,1,4,13,8
73,2117,2,1,6,13,16
73,2118,2,1,6,13,NA
73,2119,2,1,7,13,12
73,2120,2,1,3,13,11
78,2121,2,1,6,13,6
78,2122,2,1,8,13,16
78,2123,2,1,2,13,6
78,2124,2,1,1,13,12
78,2125,2,1,6,13,10
85,2126,2,1,5,13,NA
85,2127,2,1,7,13,20
85,2128,2,1,5,13,NA
85,2129,2,1,4,13,10
85,2130,2,1,1,13,12
89,2131,2,1,4,13,7
89,2132,2,1,2,13,2
89,2133,2,1,7,13,7
89,2134,2,1,7,13,10
89,2135,2,1,6,13,NA
92,2136,2,1,1,13,8
92,2137,2,1,4,13,NA
92,2138,2,1,1,13,9
92,2139,2,1,1,13,11
92,2140,2,1,5,13,11
93,2141,2,1,5,13,18
93,2142,2,1,4,13,6
93,2143,2,1,2,13,4
93,2144,2,1,8,13,11
93,2145,2,1,4,13,5
96,2146,2,1,8,13,17
96,2147,2,1,2,13,5
96,2148,2,1,4,13,NA
96,2149,2,1,4,13,7
96,2150,2,1,3,13,7
61,2151,2,1,6,14,16
61,2152,2,1,8,14,13
61,2153,2,1,3,14,14
61,2154,2,1,7,14,18
61,2155,2,1,6,14,18
71,2156,2,1,2,14,7
71,2157,2,1,7,14,19
71,2158,2,1,4,14,7
71,2159,2,1,2,14,9
71,2160,2,1,1,14,10
72,2161,2,1,4,14,23
72,2162,2,1,6,14,15
72,2163,2,1,1,14,NA
72,2164,2,1,5,14,13
72,2165,2,1,7,14,13
73,2166,2,1,1,14,16
73,2167,2,1,1,14,8
73,2168,2,1,6,14,8
73,2169,2,1,2,14,3
73,2170,2,1,5,14,23
78,2171,2,1,8,14,22
78,2172,2,1,1,14,21
78,2173,2,1,7,14,29
78,2174,2,1,4,14,10
78,2175,2,1,3,14,NA
85,2176,2,1,6,14,16
85,2177,2,1,2,14,NA
85,2178,2,1,8,14,24
85,2179,2,1,2,14,7
85,2180,2,1,4,14,10
89,2181,2,1,3,14,9
89,2182,2,1,7,14,14
89,2183,2,1,1,14,6
89,2184,2,1,5,14,18
89,2185,2,1,1,14,14
92,2186,2,1,4,14,16
92,2187,2,1,4,14,10
92,2188,2,1,3,14,13
92,2189,2,1,1,14,10
92,2190,2,1,2,14,5
93,2191,2,1,7,14,15
93,2192,2,1,4,14,NA
93,2193,2,1,6,14,9
93,2194,2,1,5,14,10
93,2195,2,1,2,14,NA
96,2196,2,1,3,14,24
96,2197,2,1,4,14,20
96,2198,2,1,8,14,18
96,2199,2,1,5,14,20
96,2200,2,1,7,14,22
61,2201,2,1,4,15,13
61,2202,2,1,5,15,21
61,2203,2,1,5,15,29
61,2204,2,1,1,15,12
61,2205,2,1,6,15,10
71,2206,2,1,2,15,6
71,2207,2,1,1,15,15
71,2208,2,1,6,15,10
71,2209,2,1,1,15,19
71,2210,2,1,8,15,11
72,2211,2,1,6,15,10
72,2212,2,1,4,15,18
72,2213,2,1,8,15,8
72,2214,2,1,8,15,9
72,2215,2,1,3,15,6
73,2216,2,1,5,15,21
73,2217,2,1,1,15,9
73,2218,2,1,3,15,12
73,2219,2,1,6,15,12
73,2220,2,1,2,15,1
78,2221,2,1,7,15,14
78,2222,2,1,3,15,9
78,2223,2,1,8,15,16
78,2224,2,1,4,15,9
78,2225,2,1,5,15,17
85,2226,2,1,2,15,12
85,2227,2,1,3,15,17
85,2228,2,1,2,15,9
85,2229,2,1,5,15,17
85,2230,2,1,1,15,15
89,2231,2,1,8,15,7
89,2232,2,1,7,15,19
89,2233,2,1,1,15,5
89,2234,2,1,8,15,11
89,2235,2,1,7,15,13
92,2236,2,1,6,15,7
92,2237,2,1,3,15,10
92,2238,2,1,5,15,NA
92,2239,2,1,5,15,12
92,2240,2,1,4,15,5
93,2241,2,1,1,15,10
93,2242,2,1,2,15,5
93,2243,2,1,4,15,13
93,2244,2,1,8,15,10
93,2245,2,1,3,15,10
96,2246,2,1,1,15,18
96,2247,2,1,5,15,11
96,2248,2,1,1,15,13
96,2249,2,1,2,15,10
96,2250,2,1,1,15,19
61,2251,2,2,8,1,9
61,2252,2,2,1,1,18
61,2253,2,2,4,1,9
61,2254,2,2,8,1,21
61,2255,2,2,7,1,NA
71,2256,2,2,3,1,10
71,2257,2,2,3,1,9
71,2258,2,2,2,1,1
71,2259,2,2,1,1,12
71,2260,2,2,3,1,10
72,2261,2,2,6,1,8
72,2262,2,2,4,1,10
72,2263,2,2,7,1,15
72,2264,2,2,2,1,2
72,2265,2,2,1,1,11
73,2266,2,2,8,1,8
73,2267,2,2,4,1,4
73,2268,2,2,4,1,3
73,2269,2,2,7,1,NA
73,2270,2,2,4,1,9
78,2271,2,2,8,1,8
78,2272,2,2,3,1,NA
78,2273,2,2,7,1,16
78,2274,2,2,6,1,14
78,2275,2,2,6,1,11
85,2276,2,2,6,1,16
85,2277,2,2,3,1,17
85,2278,2,2,8,1,8
85,2279,2,2,1,1,NA
85,2280,2,2,4,1,14
89,2281,2,2,1,1,8
89,2282,2,2,3,1,4
89,2283,2,2,5,1,11
89,2284,2,2,2,1,1
89,2285,2,2,8,1,6
92,2286,2,2,1,1,2
92,2287,2,2,5,1,17
92,2288,2,2,7,1,10
92,2289,2,2,2,1,3
92,2290,2,2,4,1,10
93,2291,2,2,7,1,8
93,2292,2,2,4,1,NA
93,2293,2,2,4,1,7
93,2294,2,2,6,1,12
93,2295,2,2,4,1,13
96,2296,2,2,5,1,23
96,2297,2,2,2,1,7
96,2298,2,2,5,1,22
96,2299,2,2,1,1,14
96,2300,2,2,8,1,21
61,2301,2,2,6,2,17
61,2302,2,2,7,2,19
61,2303,2,2,3,2,16
61,2304,2,2,7,2,15
61,2305,2,2,1,2,11
71,2306,2,2,2,2,7
71,2307,2,2,1,2,11
71,2308,2,2,3,2,10
71,2309,2,2,1,2,15
71,2310,2,2,7,2,10
72,2311,2,2,4,2,NA
72,2312,2,2,6,2,14
72,2313,2,2,2,2,8
72,2314,2,2,8,2,16
72,2315,2,2,4,2,13
73,2316,2,2,3,2,NA
73,2317,2,2,1,2,9
73,2318,2,2,5,2,15
73,2319,2,2,4,2,9
73,2320,2,2,2,2,1
78,2321,2,2,8,2,11
78,2322,2,2,3,2,13
78,2323,2,2,3,2,7
78,2324,2,2,8,2,13
78,2325,2,2,4,2,16
85,2326,2,2,4,2,10
85,2327,2,2,3,2,12
85,2328,2,2,1,2,13
85,2329,2,2,3,2,7
85,2330,2,2,1,2,NA
89,2331,2,2,3,2,12
89,2332,2,2,8,2,7
89,2333,2,2,2,2,4
89,2334,2,2,7,2,12
89,2335,2,2,5,2,10
92,2336,2,2,6,2,8
92,2337,2,2,1,2,9
92,2338,2,2,3,2,4
92,2339,2,2,5,2,15
92,2340,2,2,8,2,9
93,2341,2,2,6,2,9
93,2342,2,2,6,2,11
93,2343,2,2,8,2,12
93,2344,2,2,8,2,15
93,2345,2,2,2,2,4
96,2346,2,2,2,2,9
96,2347,2,2,5,2,24
96,2348,2,2,3,2,10
96,2349,2,2,5,2,15
96,2350,2,2,7,2,NA
61,2351,2,2,2,3,6
61,2352,2,2,4,3,NA
61,2353,2,2,8,3,14
61,2354,2,2,8,3,10
61,2355,2,2,5,3,15
71,2356,2,2,1,3,NA
71,2357,2,2,4,3,13
71,2358,2,2,8,3,13
71,2359,2,2,3,3,13
71,2360,2,2,3,3,10
72,2361,2,2,4,3,6
72,2362,2,2,1,3,3
72,2363,2,2,6,3,9
72,2364,2,2,5,3,14
72,2365,2,2,1,3,14
73,2366,2,2,5,3,18
73,2367,2,2,8,3,6
73,2368,2,2,4,3,7
73,2369,2,2,1,3,7
73,2370,2,2,1,3,NA
78,2371,2,2,8,3,7
78,2372,2,2,8,3,14
78,2373,2,2,4,3,9
78,2374,2,2,1,3,13
78,2375,2,2,4,3,12
85,2376,2,2,1,3,8
85,2377,2,2,3,3,12
85,2378,2,2,5,3,16
85,2379,2,2,2,3,7
85,2380,2,2,7,3,20
89,2381,2,2,1,3,9
89,2382,2,2,3,3,9
89,2383,2,2,4,3,9
89,2384,2,2,3,3,4
89,2385,2,2,5,3,12
92,2386,2,2,5,3,10
92,2387,2,2,2,3,7
92,2388,2,2,8,3,8
92,2389,2,2,7,3,14
92,2390,2,2,6,3,18
93,2391,2,2,3,3,8
93,2392,2,2,8,3,13
93,2393,2,2,5,3,8
93,2394,2,2,1,3,14
93,2395,2,2,7,3,11
96,2396,2,2,2,3,7
96,2397,2,2,3,3,16
96,2398,2,2,2,3,6
96,2399,2,2,7,3,21
96,2400,2,2,4,3,19
61,2401,2,2,8,4,18
61,2402,2,2,7,4,16
61,2403,2,2,5,4,20
61,2404,2,2,2,4,8
61,2405,2,2,6,4,8
71,2406,2,2,5,4,13
71,2407,2,2,3,4,8
71,2408,2,2,6,4,12
71,2409,2,2,2,4,1
71,2410,2,2,2,4,1
72,2411,2,2,1,4,14
72,2412,2,2,1,4,8
72,2413,2,2,4,4,6
72,2414,2,2,2,4,1
72,2415,2,2,4,4,7
73,2416,2,2,7,4,11
73,2417,2,2,1,4,6
73,2418,2,2,2,4,1
73,2419,2,2,8,4,7
73,2420,2,2,8,4,12
78,2421,2,2,1,4,9
78,2422,2,2,3,4,7
78,2423,2,2,6,4,NA
78,2424,2,2,7,4,18
78,2425,2,2,2,4,4
85,2426,2,2,6,4,NA
85,2427,2,2,8,4,18
85,2428,2,2,4,4,9
85,2429,2,2,6,4,12
85,2430,2,2,4,4,11
89,2431,2,2,6,4,5
89,2432,2,2,3,4,1
89,2433,2,2,5,4,NA
89,2434,2,2,7,4,2
89,2435,2,2,8,4,5
92,2436,2,2,2,4,1
92,2437,2,2,3,4,8
92,2438,2,2,8,4,12
92,2439,2,2,3,4,4
92,2440,2,2,4,4,5
93,2441,2,2,5,4,7
93,2442,2,2,8,4,11
93,2443,2,2,7,4,10
93,2444,2,2,7,4,7
93,2445,2,2,3,4,7
96,2446,2,2,7,4,23
96,2447,2,2,2,4,5
96,2448,2,2,5,4,21
96,2449,2,2,1,4,11
96,2450,2,2,1,4,14
61,2451,2,2,1,5,7
61,2452,2,2,3,5,9
61,2453,2,2,4,5,9
61,2454,2,2,4,5,19
61,2455,2,2,7,5,22
71,2456,2,2,5,5,16
71,2457,2,2,4,5,11
71,2458,2,2,2,5,4
71,2459,2,2,1,5,12
71,2460,2,2,3,5,16
72,2461,2,2,5,5,15
72,2462,2,2,5,5,10
72,2463,2,2,3,5,13
72,2464,2,2,5,5,18
72,2465,2,2,8,5,13
73,2466,2,2,2,5,3
73,2467,2,2,6,5,4
73,2468,2,2,5,5,15
73,2469,2,2,5,5,NA
73,2470,2,2,6,5,7
78,2471,2,2,4,5,17
78,2472,2,2,4,5,NA
78,2473,2,2,2,5,2
78,2474,2,2,1,5,6
78,2475,2,2,7,5,18
85,2476,2,2,4,5,14
85,2477,2,2,8,5,14
85,2478,2,2,4,5,13
85,2479,2,2,5,5,13
85,2480,2,2,6,5,12
89,2481,2,2,4,5,2
89,2482,2,2,3,5,8
89,2483,2,2,8,5,6
89,2484,2,2,5,5,20
89,2485,2,2,1,5,9
92,2486,2,2,2,5,NA
92,2487,2,2,1,5,12
92,2488,2,2,8,5,6
92,2489,2,2,7,5,10
92,2490,2,2,8,5,4
93,2491,2,2,7,5,19
93,2492,2,2,1,5,13
93,2493,2,2,1,5,12
93,2494,2,2,8,5,15
93,2495,2,2,8,5,4
96,2496,2,2,8,5,17
96,2497,2,2,3,5,7
96,2498,2,2,3,5,16
96,2499,2,2,6,5,11
96,2500,2,2,4,5,20
61,2501,2,2,6,6,19
61,2502,2,2,2,6,20
61,2503,2,2,4,6,10
61,2504,2,2,6,6,24
61,2505,2,2,8,6,19
71,2506,2,2,3,6,19
71,2507,2,2,4,6,11
71,2508,2,2,8,6,18
71,2509,2,2,4,6,16
71,2510,2,2,2,6,3
72,2511,2,2,5,6,17
72,2512,2,2,1,6,13
72,2513,2,2,7,6,10
72,2514,2,2,5,6,18
72,2515,2,2,6,6,19
73,2516,2,2,8,6,9
73,2517,2,2,8,6,8
73,2518,2,2,4,6,7
73,2519,2,2,2,6,4
73,2520,2,2,3,6,11
78,2521,2,2,7,6,16
78,2522,2,2,2,6,6
78,2523,2,2,5,6,22
78,2524,2,2,4,6,11
78,2525,2,2,7,6,18
85,2526,2,2,2,6,15
85,2527,2,2,5,6,21
85,2528,2,2,2,6,15
85,2529,2,2,6,6,NA
85,2530,2,2,6,6,16
89,2531,2,2,1,6,7
89,2532,2,2,3,6,12
89,2533,2,2,8,6,19
89,2534,2,2,1,6,10
89,2535,2,2,4,6,16
92,2536,2,2,1,6,12
92,2537,2,2,6,6,17
92,2538,2,2,1,6,12
92,2539,2,2,8,6,24
92,2540,2,2,1,6,11
93,2541,2,2,4,6,12
93,2542,2,2,5,6,21
93,2543,2,2,2,6,7
93,2544,2,2,3,6,14
93,2545,2,2,4,6,11
96,2546,2,2,5,6,20
96,2547,2,2,1,6,17
96,2548,2,2,7,6,15
96,2549,2,2,1,6,12
96,2550,2,2,6,6,19
61,2551,2,2,2,7,7
61,2552,2,2,3,7,15
61,2553,2,2,1,7,11
61,2554,2,2,8,7,8
61,2555,2,2,6,7,17
71,2556,2,2,1,7,11
71,2557,2,2,6,7,10
71,2558,2,2,6,7,8
71,2559,2,2,6,7,15
71,2560,2,2,4,7,4
72,2561,2,2,2,7,5
72,2562,2,2,4,7,7
72,2563,2,2,8,7,10
72,2564,2,2,2,7,6
72,2565,2,2,1,7,12
73,2566,2,2,2,7,2
73,2567,2,2,3,7,5
73,2568,2,2,2,7,1
73,2569,2,2,5,7,18
73,2570,2,2,7,7,9
78,2571,2,2,4,7,6
78,2572,2,2,5,7,19
78,2573,2,2,1,7,21
78,2574,2,2,8,7,11
78,2575,2,2,5,7,16
85,2576,2,2,8,7,15
85,2577,2,2,5,7,26
85,2578,2,2,7,7,15
85,2579,2,2,1,7,9
85,2580,2,2,3,7,11
89,2581,2,2,6,7,6
89,2582,2,2,7,7,16
89,2583,2,2,6,7,5
89,2584,2,2,8,7,4
89,2585,2,2,4,7,4
92,2586,2,2,5,7,16
92,2587,2,2,2,7,3
92,2588,2,2,3,7,8
92,2589,2,2,2,7,3
92,2590,2,2,1,7,7
93,2591,2,2,8,7,11
93,2592,2,2,6,7,6
93,2593,2,2,2,7,6
93,2594,2,2,1,7,8
93,2595,2,2,6,7,15
96,2596,2,2,1,7,18
96,2597,2,2,7,7,NA
96,2598,2,2,1,7,11
96,2599,2,2,1,7,14
96,2600,2,2,3,7,8
61,2601,2,2,3,8,11
61,2602,2,2,5,8,NA
61,2603,2,2,8,8,13
61,2604,2,2,3,8,9
61,2605,2,2,8,8,14
71,2606,2,2,5,8,17
71,2607,2,2,4,8,8
71,2608,2,2,8,8,11
71,2609,2,2,6,8,10
71,2610,2,2,8,8,13
72,2611,2,2,4,8,9
72,2612,2,2,5,8,19
72,2613,2,2,5,8,15
72,2614,2,2,6,8,8
72,2615,2,2,4,8,11
73,2616,2,2,7,8,7
73,2617,2,2,1,8,5
73,2618,2,2,8,8,4
73,2619,2,2,7,8,17
73,2620,2,2,3,8,2
78,2621,2,2,2,8,1
78,2622,2,2,5,8,11
78,2623,2,2,1,8,4
78,2624,2,2,7,8,12
78,2625,2,2,4,8,8
85,2626,2,2,7,8,17
85,2627,2,2,6,8,9
85,2628,2,2,4,8,14
85,2629,2,2,7,8,11
85,2630,2,2,2,8,5
89,2631,2,2,5,8,13
89,2632,2,2,4,8,5
89,2633,2,2,5,8,10
89,2634,2,2,7,8,11
89,2635,2,2,3,8,3
92,2636,2,2,7,8,13
92,2637,2,2,2,8,1
92,2638,2,2,4,8,13
92,2639,2,2,8,8,9
92,2640,2,2,4,8,5
93,2641,2,2,2,8,2
93,2642,2,2,1,8,8
93,2643,2,2,6,8,10
93,2644,2,2,7,8,11
93,2645,2,2,8,8,1
96,2646,2,2,5,8,11
96,2647,2,2,2,8,7
96,2648,2,2,1,8,6
96,2649,2,2,7,8,15
96,2650,2,2,1,8,10
61,2651,2,2,5,9,23
61,2652,2,2,7,9,17
61,2653,2,2,7,9,13
61,2654,2,2,2,9,6
61,2655,2,2,2,9,8
71,2656,2,2,8,9,8
71,2657,2,2,8,9,10
71,2658,2,2,1,9,12
71,2659,2,2,6,9,9
71,2660,2,2,4,9,8
72,2661,2,2,4,9,9
72,2662,2,2,4,9,10
72,2663,2,2,5,9,18
72,2664,2,2,8,9,13
72,2665,2,2,6,9,7
73,2666,2,2,1,9,10
73,2667,2,2,2,9,1
73,2668,2,2,2,9,3
73,2669,2,2,3,9,6
73,2670,2,2,7,9,14
78,2671,2,2,1,9,NA
78,2672,2,2,4,9,7
78,2673,2,2,1,9,NA
78,2674,2,2,2,9,4
78,2675,2,2,3,9,7
85,2676,2,2,8,9,12
85,2677,2,2,6,9,13
85,2678,2,2,6,9,9
85,2679,2,2,5,9,19
85,2680,2,2,3,9,11
89,2681,2,2,7,9,11
89,2682,2,2,4,9,8
89,2683,2,2,2,9,1
89,2684,2,2,4,9,4
89,2685,2,2,8,9,5
92,2686,2,2,1,9,5
92,2687,2,2,3,9,7
92,2688,2,2,2,9,2
92,2689,2,2,3,9,7
92,2690,2,2,3,9,7
93,2691,2,2,5,9,25
93,2692,2,2,8,9,NA
93,2693,2,2,5,9,10
93,2694,2,2,2,9,4
93,2695,2,2,2,9,2
96,2696,2,2,6,9,14
96,2697,2,2,5,9,27
96,2698,2,2,1,9,14
96,2699,2,2,8,9,15
96,2700,2,2,3,9,14
61,2701,2,2,7,10,11
61,2702,2,2,2,10,7
61,2703,2,2,3,10,10
61,2704,2,2,3,10,10
61,2705,2,2,1,10,10
71,2706,2,2,8,10,9
71,2707,2,2,7,10,9
71,2708,2,2,7,10,7
71,2709,2,2,5,10,19
71,2710,2,2,4,10,6
72,2711,2,2,5,10,17
72,2712,2,2,6,10,4
72,2713,2,2,2,10,1
72,2714,2,2,8,10,13
72,2715,2,2,7,10,NA
73,2716,2,2,8,10,5
73,2717,2,2,1,10,5
73,2718,2,2,7,10,9
73,2719,2,2,4,10,1
73,2720,2,2,8,10,2
78,2721,2,2,8,10,7
78,2722,2,2,7,10,16
78,2723,2,2,1,10,14
78,2724,2,2,1,10,2
78,2725,2,2,1,10,5
85,2726,2,2,2,10,5
85,2727,2,2,4,10,9
85,2728,2,2,6,10,11
85,2729,2,2,2,10,4
85,2730,2,2,4,10,12
89,2731,2,2,6,10,3
89,2732,2,2,6,10,3
89,2733,2,2,4,10,4
89,2734,2,2,1,10,4
89,2735,2,2,8,10,NA
92,2736,2,2,4,10,4
92,2737,2,2,6,10,8
92,2738,2,2,8,10,10
92,2739,2,2,5,10,4
92,2740,2,2,2,10,1
93,2741,2,2,5,10,13
93,2742,2,2,3,10,6
93,2743,2,2,1,10,15
93,2744,2,2,7,10,11
93,2745,2,2,1,10,10
96,2746,2,2,8,10,10
96,2747,2,2,5,10,21
96,2748,2,2,2,10,8
96,2749,2,2,3,10,10
96,2750,2,2,6,10,13
61,2751,2,2,7,11,15
61,2752,2,2,4,11,16
61,2753,2,2,5,11,22
61,2754,2,2,5,11,10
61,2755,2,2,6,11,18
71,2756,2,2,3,11,NA
71,2757,2,2,3,11,9
71,2758,2,2,5,11,21
71,2759,2,2,7,11,11
71,2760,2,2,2,11,2
72,2761,2,2,7,11,19
72,2762,2,2,8,11,10
72,2763,2,2,7,11,11
72,2764,2,2,6,11,NA
72,2765,2,2,1,11,9
73,2766,2,2,2,11,2
73,2767,2,2,8,11,12
73,2768,2,2,4,11,4
73,2769,2,2,1,11,11
73,2770,2,2,8,11,15
78,2771,2,2,4,11,11
78,2772,2,2,8,11,12
78,2773,2,2,7,11,9
78,2774,2,2,1,11,13
78,2775,2,2,3,11,12
85,2776,2,2,4,11,13
85,2777,2,2,2,11,10
85,2778,2,2,3,11,15
85,2779,2,2,2,11,NA
85,2780,2,2,6,11,17
89,2781,2,2,8,11,5
89,2782,2,2,5,11,11
89,2783,2,2,7,11,7
89,2784,2,2,4,11,8
89,2785,2,2,3,11,11
92,2786,2,2,2,11,3
92,2787,2,2,6,11,5
92,2788,2,2,1,11,10
92,2789,2,2,3,11,12
92,2790,2,2,8,11,7
93,2791,2,2,1,11,10
93,2792,2,2,6,11,NA
93,2793,2,2,5,11,NA
93,2794,2,2,5,11,13
93,2795,2,2,6,11,14
96,2796,2,2,4,11,12
96,2797,2,2,8,11,14
96,2798,2,2,7,11,18
96,2799,2,2,6,11,NA
96,2800,2,2,4,11,10
61,2801,2,2,3,12,13
61,2802,2,2,1,12,NA
61,2803,2,2,7,12,19
61,2804,2,2,3,12,8
61,2805,2,2,8,12,16
71,2806,2,2,2,12,4
71,2807,2,2,5,12,10
71,2808,2,2,6,12,11
71,2809,2,2,6,12,6
71,2810,2,2,6,12,11
72,2811,2,2,4,12,10
72,2812,2,2,5,12,14
72,2813,2,2,4,12,12
72,2814,2,2,4,12,6
72,2815,2,2,8,12,12
73,2816,2,2,2,12,1
73,2817,2,2,7,12,NA
73,2818,2,2,4,12,8
73,2819,2,2,7,12,14
73,2820,2,2,5,12,11
78,2821,2,2,5,12,17
78,2822,2,2,6,12,16
78,2823,2,2,1,12,9
78,2824,2,2,8,12,4
78,2825,2,2,7,12,6
85,2826,2,2,5,12,12
85,2827,2,2,8,12,14
85,2828,2,2,1,12,14
85,2829,2,2,5,12,16
85,2830,2,2,1,12,5
89,2831,2,2,1,12,2
89,2832,2,2,8,12,3
89,2833,2,2,5,12,8
89,2834,2,2,3,12,NA
89,2835,2,2,2,12,2
92,2836,2,2,4,12,1
92,2837,2,2,2,12,3
92,2838,2,2,4,12,7
92,2839,2,2,5,12,10
92,2840,2,2,4,12,7
93,2841,2,2,6,12,12
93,2842,2,2,2,12,3
93,2843,2,2,6,12,4
93,2844,2,2,5,12,16
93,2845,2,2,7,12,13
96,2846,2,2,3,12,10
96,2847,2,2,6,12,13
96,2848,2,2,4,12,10
96,2849,2,2,7,12,13
96,2850,2,2,2,12,4
61,2851,2,2,1,13,11
61,2852,2,2,3,13,12
61,2853,2,2,7,13,13
61,2854,2,2,5,13,16
61,2855,2,2,1,13,5
71,2856,2,2,8,13,9
71,2857,2,2,7,13,17
71,2858,2,2,6,13,10
71,2859,2,2,4,13,20
71,2860,2,2,8,13,9
72,2861,2,2,2,13,5
72,2862,2,2,3,13,NA
72,2863,2,2,2,13,8
72,2864,2,2,3,13,13
72,2865,2,2,3,13,11
73,2866,2,2,6,13,8
73,2867,2,2,3,13,6
73,2868,2,2,5,13,15
73,2869,2,2,4,13,7
73,2870,2,2,1,13,3
78,2871,2,2,8,13,13
78,2872,2,2,7,13,10
78,2873,2,2,2,13,6
78,2874,2,2,8,13,15
78,2875,2,2,6,13,19
85,2876,2,2,7,13,25
85,2877,2,2,6,13,13
85,2878,2,2,6,13,8
85,2879,2,2,4,13,18
85,2880,2,2,3,13,10
89,2881,2,2,7,13,17
89,2882,2,2,4,13,5
89,2883,2,2,7,13,9
89,2884,2,2,5,13,10
89,2885,2,2,5,13,16
92,2886,2,2,6,13,15
92,2887,2,2,4,13,11
92,2888,2,2,7,13,16
92,2889,2,2,2,13,2
92,2890,2,2,2,13,2
93,2891,2,2,1,13,11
93,2892,2,2,4,13,10
93,2893,2,2,7,13,17
93,2894,2,2,2,13,4
93,2895,2,2,1,13,17
96,2896,2,2,4,13,10
96,2897,2,2,4,13,6
96,2898,2,2,6,13,23
96,2899,2,2,1,13,17
96,2900,2,2,2,13,10
61,2901,2,2,6,14,17
61,2902,2,2,6,14,14
61,2903,2,2,7,14,18
61,2904,2,2,5,14,21
61,2905,2,2,1,14,12
71,2906,2,2,7,14,10
71,2907,2,2,6,14,8
71,2908,2,2,8,14,12
71,2909,2,2,8,14,NA
71,2910,2,2,2,14,6
72,2911,2,2,7,14,13
72,2912,2,2,6,14,13
72,2913,2,2,3,14,9
72,2914,2,2,4,14,NA
72,2915,2,2,7,14,7
73,2916,2,2,8,14,16
73,2917,2,2,2,14,4
73,2918,2,2,2,14,8
73,2919,2,2,8,14,8
73,2920,2,2,1,14,12
78,2921,2,2,1,14,9
78,2922,2,2,3,14,16
78,2923,2,2,4,14,9
78,2924,2,2,8,14,12
78,2925,2,2,1,14,10
85,2926,2,2,3,14,16
85,2927,2,2,5,14,17
85,2928,2,2,2,14,15
85,2929,2,2,1,14,18
85,2930,2,2,8,14,20
89,2931,2,2,4,14,11
89,2932,2,2,3,14,13
89,2933,2,2,5,14,17
89,2934,2,2,3,14,9
89,2935,2,2,6,14,7
92,2936,2,2,4,14,NA
92,2937,2,2,5,14,11
92,2938,2,2,7,14,11
92,2939,2,2,4,14,17
92,2940,2,2,7,14,9
93,2941,2,2,2,14,8
93,2942,2,2,1,14,6
93,2943,2,2,1,14,13
93,2944,2,2,3,14,9
93,2945,2,2,1,14,15
96,2946,2,2,2,14,7
96,2947,2,2,1,14,21
96,2948,2,2,8,14,16
96,2949,2,2,4,14,8
96,2950,2,2,8,14,NA
61,2951,2,2,3,15,13
61,2952,2,2,1,15,17
61,2953,2,2,4,15,20
61,2954,2,2,6,15,10
61,2955,2,2,1,15,NA
71,2956,2,2,6,15,10
71,2957,2,2,8,15,12
71,2958,2,2,8,15,7
71,2959,2,2,5,15,14
71,2960,2,2,7,15,16
72,2961,2,2,6,15,5
72,2962,2,2,3,15,14
72,2963,2,2,3,15,12
72,2964,2,2,4,15,12
72,2965,2,2,1,15,12
73,2966,2,2,5,15,14
73,2967,2,2,3,15,6
73,2968,2,2,6,15,4
73,2969,2,2,5,15,23
73,2970,2,2,6,15,12
78,2971,2,2,5,15,15
78,2972,2,2,7,15,18
78,2973,2,2,2,15,3
78,2974,2,2,1,15,NA
78,2975,2,2,6,15,17
85,2976,2,2,6,15,11
85,2977,2,2,2,15,9
85,2978,2,2,7,15,15
85,2979,2,2,8,15,17
85,2980,2,2,6,15,16
89,2981,2,2,3,15,7
89,2982,2,2,5,15,14
89,2983,2,2,2,15,3
89,2984,2,2,2,15,1
89,2985,2,2,8,15,9
92,2986,2,2,4,15,12
92,2987,2,2,5,15,9
92,2988,2,2,8,15,5
92,2989,2,2,2,15,1
92,2990,2,2,1,15,3
93,2991,2,2,5,15,17
93,2992,2,2,2,15,4
93,2993,2,2,5,15,13
93,2994,2,2,6,15,17
93,2995,2,2,2,15,2
96,2996,2,2,4,15,NA
96,2997,2,2,4,15,14
96,2998,2,2,3,15,9
96,2999,2,2,4,15,16
96,3000,2,2,2,15,9
